From	Entry
MGP	P08493
ARSB	P15848
COL2A1	P02458
VPS37D	Q86XT2
GDF5	P43026
TMCO1	Q9UM00
BMP1	P13497
IL11RA	Q14626
HS2ST1	Q7LGA3
PLCH1	Q4KWH8
FOXE3	Q13461
CPLANE1	Q9H799
LBR	Q14739
KYNU	Q16719
GABRA5	P31644
RNASEH2C	Q8TDP1
NUP107	P57740
RTL1	A6NKG5
NDUFB11	Q9NX14
PTPN11	Q06124
ALDH18A1	P54886
PRKAR1A	P10644
PGAP1	Q75T13
FZD2	Q14332
CDT1	Q9H211
BRCC3	P46736
DPYSL5	Q9BPU6
SIX3	O95343
TRPV4	Q9HBA0
SEC23B	Q15437
PEX10	O60683
SETD2	Q9BYW2
SHH	Q15465
SEC24D	O94855
CYP17A1	P05093
ADH5	P11766
MAT2A	P31153
ADA2	Q9NZK5
HCFC1	P51610
MORC2	Q9Y6X9
SLC39A8	Q9C0K1
DYNC2H1	Q8NCM8
ANKRD11	Q6UB99
TGFBR2	P37173
RPS6KA3	P51812
TNFRSF11A	Q9Y6Q6
IARS2	Q9NSE4
GPR161	Q8N6U8
CCDC8	Q9H0W5
DLL1	O00548
PQBP1	O60828
STAMBP	O95630
RINT1	Q6NUQ1
KISS1R	Q969F8
DICER1	Q9UPY3
ZNF407	Q9C0G0
NSD1	Q96L73
STIM1	Q13586
NIN	Q8N4C6
COL6A2	P12110
RNASEH2B	Q5TBB1
ANKLE2	Q86XL3
RPS29	P62273
NRCAM	Q92823
POLR3A	O14802
CDC6	Q99741
LZTR1	Q8N653
NPR3	P17342
TOPORS	Q9NS56
SP7	Q8TDD2
BRCA2	P51587
ERCC5	P28715
LMNB1	P20700
DVL1	O14640
DVL1	P54792
RPL35A	P18077
TRPS1	Q9UHF7
FGFR3	P22607
YWHAG	P61981
RPL26	P61254
INTS8	Q75QN2
TCF20	Q9UGU0
GNAS	O95467
GNAS	P63092
GNAS	P84996
GNAS	Q5JWF2
PTH1R	Q03431
FKBP6	O75344
KIF7	Q2M1P5
FLII	Q13045
SLC12A1	Q13621
GINS1	Q14691
NCAPG2	Q86XI2
NMNAT1	Q9HAN9
KMT2A	Q03164
ABHD5	Q8WTS1
HSPG2	P98160
IFT43	Q96FT9
KDM5C	P41229
IGBP1	P78318
MSMO1	Q15800
CHKA	P35790
COG1	Q8WTW3
UBA5	Q9GZZ9
DYM	Q7RTS9
BRPF1	P55201
CHD8	Q9HCK8
PIK3CA	P42336
DDHD2	O94830
SMARCAL1	Q9NZC9
FGF8	P55075
ACP5	P13686
RAI1	Q7Z5J4
ADAMTS17	Q8TE56
ATP6V1A	P38606
LTBP3	Q14767
LTBP3	Q9NS15
RECQL4	O94761
GLI2	P10070
GRIA4	P48058
GNRHR	P30968
PIK3R1	P27986
RSPH4A	Q5TD94
NNT	Q13423
EBP	Q15125
CAVIN1	Q6NZI2
EFL1	Q7Z2Z2
TRRAP	Q9Y4A5
GABRA2	P47869
TGM1	P22735
P4HB	P07237
LIPN	Q5VXI9
FBN1	P35555
PPP1CB	P62140
FGFR1	P11362
CAMTA1	Q9Y6Y1
ATP7A	Q04656
CUL4B	Q13620
EZH2	Q15910
KDM6A	O15550
GABRD	O14764
ZIC2	O95409
PTDSS1	P48651
LAS1L	Q9Y4W2
GJB3	O75712
SHOX	O15266
SLC25A24	Q6NUK1
TSHR	P16473
GALNT2	Q10471
LHX4	Q969G2
SCN3A	Q9NY46
NBN	O60934
IGF1R	P08069
HDAC4	P56524
MEIS2	O14770
DDB2	Q92466
GSC	P56915
FUCA1	P04066
KMT2D	O14686
HESX1	Q9UBX0
INPP5K	Q9BT40
ERCC2	P18074
SAMD9	Q5K651
FARSB	Q9NSD9
UBE3B	Q7Z3V4
THOC2	Q8NI27
CBL	P22681
EFTUD2	Q15029
ABCA12	Q86UK0
WNT5A	P41221
SLC6A19	Q695T7
GPC3	P51654
COL9A1	P20849
XRCC4	Q13426
TTC21B	Q7Z4L5
SGMS2	Q8NHU3
SUFU	Q9UMX1
TBX1	O43435
CANT1	Q8WVQ1
HCN1	O60741
TCIRG1	Q13488
POLR3GL	Q9BT43
ASXL1	Q8IXJ9
MBTPS2	O43462
CCDC22	O60826
DVL3	Q92997
ATP8A2	Q9NTI2
OCRL	Q01968
NDST1	P52848
VCP	P55072
OTX2	P32243
NOTCH2	Q04721
PHF6	Q8IWS0
PIEZO2	Q9H5I5
FLI1	Q01543
WRN	Q14191
EIF4H	Q15056
PTEN	P60484
STAG2	Q8N3U4
CKAP2L	Q8IYA6
IGF1	P05019
TTI2	Q6NXR4
TTC8	Q8TAM2
PEX11B	O96011
IFT140	Q96RY7
MCTP2	Q6DN12
TMEM53	Q6P2H8
DYRK1A	Q13627
NXN	Q6DKJ4
HOXD13	P35453
DLL3	Q9NYJ7
SLC34A1	Q06495
FAM111A	Q96PZ2
SNRPN	P63162
BRAF	P15056
SLC7A7	Q9UM01
FAS	P25445
FAS	P49327
IFITM5	A6NNB3
SRCAP	Q6ZRS2
SDHD	O14521
AP4E1	Q9UPM8
JAK1	P23458
ARV1	Q9H2C2
SPART	Q8N0X7
MC2R	Q01718
COMP	P49747
AMPD2	Q01433
CEP290	O15078
PEX1	O43933
MAGEL2	Q9UJ55
AFF2	P51816
TRIP11	Q15643
TRAPPC11	Q7Z392
SMARCB1	Q12824
ACD	Q96AP0
WASHC4	Q2M389
MCM3AP	O60318
PEX12	O00623
FZR1	Q9UM11
SYNJ1	O43426
B3GALT6	Q96L58
DISP1	Q96F81
IDH2	P48735
ASPRV1	Q53RT3
EIF2AK3	Q9NZJ5
ESCO2	Q56NI9
P4HTM	Q9NXG6
PRKACB	P22694
BMPR1B	O00238
PPM1D	O15297
CBS	P35520
NEK1	Q96PY6
COL9A2	Q14055
HBA1	P69905
STIL	Q15468
WDR4	P57081
SCN8A	Q9UQD0
FGFR2	P21802
POLRMT	O00411
SHOC2	Q9UQ13
NF1	P21359
MKRN3	Q13064
NECAP1	Q8NC96
PSMC3IP	Q9P2W1
RACGAP1	Q9H0H5
WDR11	Q8WWQ0
WDR11	Q9BZH6
MAP3K7	O43318
TRAPPC10	P48553
MRPS22	P82650
PROP1	O75360
CTBP1	Q13363
AMMECR1	Q9Y4X0
RRAS2	P62070
METTL27	Q8N6F8
ATP1A3	P13637
SYNGAP1	Q96PV0
CDK5RAP2	Q96SN8
TCTN3	Q6NUS6
AP4B1	Q9Y6B7
NUP85	Q9BW27
INPPL1	O15357
GLA	P06280
GLA	Q9UHE5
TONSL	Q96HA7
COL1A2	P08123
STAT5B	P51692
BUB1B	O60566
RET	P07949
PAX1	P15863
ERCC4	Q92889
HADH	P40939
HADH	Q16836
FGF12	P61328
CPLX1	O14810
GLI1	P08151
ERBB2	P04626
LEMD2	Q8NC56
GRIA3	P42263
OTUD6B	Q8N6M0
SIX2	Q9NPC8
LHX3	Q9UBR4
TBC1D20	Q96BZ9
FAT4	Q6V0I7
FLNA	P21333
PAICS	P22234
YME1L1	Q96TA2
CEP63	Q96MT8
SMAD3	P84022
TRAIP	Q9BWF2
NPR2	P20594
NCF1	P14598
GDNF	P39905
TKT	P29401
TKT	Q16832
MYSM1	Q5VVJ2
TBCE	Q15813
SUZ12	Q15022
FBN2	P35556
ABCD1	P33897
RAB3GAP2	Q9H2M9
PPP1R15B	Q5SWA1
DUSP6	Q16828
KDELR2	P33947
TACO1	Q9BSH4
RERE	Q9P2R6
FKBP10	Q96AY3
TRAPPC6B	Q86SZ2
SDCCAG8	Q86SQ7
SMAD4	Q13485
ACTB	P60709
ARCN1	P48444
WDR19	Q8NEZ3
KDM1A	O60341
KAT6B	Q8WYB5
PEX13	Q92968
HACE1	Q8IYU2
HRAS	P01112
KRAS	P01116
HDAC8	Q9BY41
IFT172	Q9UG01
GM2A	P17900
PISD	Q9UG56
MED12	Q93074
IFIH1	Q9BYX4
GPC6	Q9Y625
FANCI	Q9NVI1
AP1S2	P56377
SMG8	Q8ND04
ERCC6	P0DP91
ERCC6	Q03468
MLXIPL	Q9NP71
TAOK1	Q7L7X3
TUBGCP6	Q96RT7
PTCH1	Q13635
BPTF	Q12830
MARS2	Q96GW9
HERC2	O95714
POLG	P54098
ROBO1	Q9Y6N7
MAPK1	P28482
CEP120	Q8N960
AGL	P35573
CENPE	Q02224
KIF1A	Q12756
ASAH1	Q13510
ROR2	Q01974
SLC26A2	P50443
MYH3	P11055
HNRNPK	P61978
FIBP	O43427
GATA4	P43694
PEX19	P40855
KCNA2	P16389
NUP133	Q8WUM0
TBX6	O95947
PTRH2	Q9Y3E5
TRIM32	Q13049
RNASEH2A	O75792
VPS53	Q5VIR6
STRADA	Q7RTN6
PEX2	P28328
AASS	Q9UDR5
HIRA	P54198
CAPN15	O75808
RPS19	P39019
ATP5F1D	P30049
DDOST	P39656
EIF4A3	P38919
HDAC6	Q9UBN7
ELP2	Q6IA86
TAF6	P49848
PNPLA6	Q8IY17
BRCA1	P38398
RAD51C	O43502
TWIST1	Q15672
COL11A1	P12107
CEP152	O94986
RRM2B	Q7LG56
ARVCF	O00192
NSMCE2	Q96MF7
ALG2	O75340
ALG2	Q9H553
NIPAL4	Q0D2K0
SECISBP2	Q96T21
RPL13	P26373
PAFAH1B1	P43034
HNRNPA1	P09651
NFIX	Q14938
LRP5	O75197
PITX1	P78337
CTC1	Q2NKJ3
SMO	Q99835
SMO	Q9NWM0
WWOX	Q9NZC7
SOST	Q9BQB4
UFC1	Q9Y3C8
TYMS	P04818
TNNI2	P48788
KCNB1	Q14721
BANF1	O75531
COL10A1	Q03692
PTHLH	P12272
MAP2K1	Q02750
GNPTAB	Q3T906
SEMA5A	Q13591
RAB3GAP1	Q15042
FLNB	O75369
TDGF1	P13385
LIFR	P42702
ESR1	P03372
FANCM	Q8IYD8
TUBB2B	Q9BVA1
ZBTB18	Q99592
RNF168	Q8IYW5
SCNN1A	P37088
OCA2	Q04671
PAPPA2	Q9BXP8
UBE4B	O95155
STAT3	P40763
EYA1	Q99502
MESD	Q14696
TYMP	P19971
PEX26	Q7Z412
PIGA	P37287
NRAS	P01111
ANKRD17	O75179
CASK	O14936
CASK	P07498
ATP6V0A2	Q9Y487
MC4R	P32245
MAST1	Q7Z460
MAST1	Q9Y2H9
ANK1	P16157
MESP2	Q0VG99
SAMHD1	Q9Y3Z3
COL1A1	P02452
GPD1	P21695
USP9X	Q93008
CYFIP2	Q96F07
PDE11A	Q9HCR9
GALNS	P34059
B3GAT3	O94766
FANCE	Q9HB96
AP4S1	Q9Y587
EFNB1	P98172
FAM149B1	Q96BN6
CHST14	Q8NCH0
POU1F1	P28069
LARGE1	O95461
TMEM67	Q5HYA8
COL5A1	P20908
NEB	P20929
GTF2H5	Q6ZYL4
EXTL3	O43909
MECP2	P51608
CTSK	P43235
FANCB	Q8NB91
NSD2	O96028
NKX2-1	P43699
SASS6	Q6UVJ0
HES7	Q9BYE0
NCAPD3	P42695
MTHFS	P49914
DEAF1	O75398
DNM1	Q05193
IDS	P22304
CUX1	P39880
CUX1	Q13948
AIP	O00170
AIP	Q9NWT8
CASZ1	Q86V15
CACNA2D1	P54289
KIAA0753	Q2KHM9
ALOX12B	O75342
DNAJC3	Q13217
IPO8	O15397
IDH1	O75874
WIPI2	Q9Y4P8
ORC1	Q13415
ORC1	Q9Y619
PLOD1	Q02809
RPS24	P62847
PEX5	P50542
COL11A2	P13942
DNA2	P51530
CTNS	O60931
RPS27	P42677
BTK	Q06187
PLAG1	Q6DJT9
PBX1	P40424
NPHP1	O15259
LONP1	P36776
BBS5	Q8N3I7
SEMA3D	O95025
TGDS	O95455
TBL1XR1	Q9BZK7
MMP2	P08253
SPIDR	Q14159
EXT1	Q16394
RREB1	Q92766
PARN	O95453
PLK4	O00444
BMP2	P12643
ACTL6B	O94805
RIT1	Q92963
RIT1	Q9C0K0
GRIN1	Q05586
SLC29A3	Q9BZD2
CYP19A1	P11511
ADAMTS10	Q9H324
ALG12	Q9BV10
KBTBD13	C9JR72
ASPM	Q8IZT6
HS6ST1	O60243
GJA1	P17302
FOXH1	O75593
PMPCA	Q10713
MTX2	O75431
MYH7	P12883
CHRNG	P07510
SLC6A8	P48029
LOXL3	P58215
TP63	Q9H3D4
HSPA9	P38646
NSUN2	Q08J23
CLPP	Q16740
NALCN	Q8IZF0
CTNNB1	P35222
PRDM16	Q9HAZ2
TGFB2	P61812
TXNRD2	Q9NNW7
ARNT2	Q9HBZ2
TUBB4A	P04350
XPC	Q01831
PCNT	O95613
POLR1A	O95602
KAT6A	Q92794
CA2	P00918
CENPJ	Q9HC77
RAF1	P04049
NPM1	P06748
FARSA	Q9Y285
PRKG2	Q13237
FANCA	O15360
ATR	P20848
ATR	Q13535
ATR	Q9H6X2
MYPN	Q86TC9
EVC	P57679
ZC4H2	Q9NQZ6
CTDP1	Q9Y5B0
PLP1	P60201
MID1	O15344
MID1	P29372
CIT	O14578
PEX16	Q9Y5Y5
ZNF148	Q9UQR1
SRP54	P61011
NSDHL	Q15738
HCCS	P53701
BBS2	Q9BXC9
COL6A3	P12111
TAF13	Q15543
SOX9	P48436
IGF2	P01344
CIC	Q96RK0
KCNJ10	P78508
SLC16A2	P36021
ENPP1	P22413
EXT2	Q93063
RTTN	Q86VV8
CHD7	Q9P2D1
EDNRB	P24530
GPX4	P36969
CDC45	O75419
ACAN	P16112
WRAP53	Q9BUR4
EVC2	Q86UK5
ERCC8	Q13216
GMNN	O75496
CDKN1C	P49918
EDN3	P14138
SOX11	P35716
CLPB	Q9H078
OSGEP	Q9NPF4
UPF3B	Q9BZI7
SPRED2	Q7Z698
POLE	Q07864
CDCA7	Q9BWT1
COL9A3	Q14050
EPG5	Q9HCE0
CSGALNACT1	Q8TDX6
SBDS	Q9Y3A5
DMP1	Q13316
DMP1	Q9Y222
PDE3A	Q14432
DGCR8	Q8WYQ5
MBTPS1	Q14703
DNMT3A	Q9Y6K1
CDK6	Q00534
WDR81	Q562E7
P3H1	Q32P28
SLC35C1	Q96A29
PNPLA2	Q96AD5
SELENON	Q9NZV5
STAR	P25092
STAR	P49675
ADARB1	P78563
CDK13	Q14004
MATN3	O15232
MMP23B	O75900
TRAK1	Q9UPV9
AFF4	Q9UHB7
MTM1	Q13496
ELN	P15502
ERCC1	P07992
TNFRSF11B	O00300
HLA-DQA1	P01909
AKT1	P31749
POLA1	P09884
EP300	Q09472
PCNA	P12004
SLC4A4	Q9Y6R1
GGPS1	O95749
IFT57	Q9NWB7
CDON	Q4KMG0
ALDH3A2	P51648
PROK2	Q9HC23
CHRNA7	P36544
PKP1	Q13835
RDH11	Q8TC12
NAA10	P41227
ATP8B1	O43520
BSCL2	Q96G97
MFAP5	Q13361
PEX14	O75381
HBA2	P69905
MPV17	P39210
SIL1	Q9H173
SOHLH1	Q5JUK2
RBBP8	Q99708
COX8A	P10176
LFNG	Q8NES3
TLK2	Q86UE8
PTCD3	Q96EY7
CLCN7	P51798
MBD5	Q9P267
SMARCA2	P51531
MEN1	O00255
BRF1	Q07352
BRF1	Q92994
AUTS2	Q8WXX7
CELF2	O95319
PUF60	Q9UHX1
SMAD2	Q15796
GPR101	Q96P66
FOXE1	O00358
TRPV6	Q9H1D0
FOXA2	Q9Y261
RPS7	P62081
LMNA	P02545
ANTXR1	Q9H6X2
RSPRY1	Q96DX4
GHSR	Q92847
TP53RK	Q96S44
AFF3	P51826
MYMX	A0A1B0GTQ4
COG5	Q9UP83
PEX3	P56589
FOS	P01100
MYO5B	Q9ULV0
PHKA2	P46019
POP1	Q8NE79
POP1	Q8WXC3
POP1	Q99575
BBS10	Q8TAM1
SOX3	P41225
MCM7	P33993
SPEN	Q96T58
RAD50	Q92878
RAB18	Q9NP72
HPRT1	P00492
SKI	P12755
KCNC3	Q14003
AP3B2	Q13367
STX16	O14662
CNKSR2	Q8WXI2
COX7B	P24311
LZTFL1	Q9NQ48
THUMPD1	Q9NXG2
SUMF1	Q8NBK3
NHP2	Q9NX24
TBX4	P57082
NDE1	Q9NXR1
GATM	P50440
GH1	P01241
NOP10	Q9NPE3
WDR35	Q9P2L0
NODAL	Q96S42
EXOC6B	Q9Y2D4
CEP57	Q86XR8
TINF2	Q9BSI4
UBE3A	Q05086
RPL15	P61313
IHH	Q14623
PRPS1	P60891
RPL11	P62913
CLTRN	Q9HBJ8
RTEL1	Q9NZ71
ECEL1	O95672
ERCC3	P19447
ALPL	P05186
MAB21L2	Q9Y586
UBE4A	Q14139
TECPR2	O15040
NOTCH3	Q9UM47
VPS13B	Q7Z7G8
BGN	P21810
SLC38A3	Q99624
TTN	Q8WZ42
FKBP14	Q9NWM8
LETM1	O95202
DHCR7	Q9UBM7
FBXO11	Q86XK2
PSMB8	P28062
ERBB3	P21860
LUZP1	Q86V48
MCPH1	Q8NEM0
TXNL4A	P83876
KIF23	Q02241
EED	O75530
MKS1	Q9NXB0
NAT8L	Q8N9F0
ARPC4	P59998
RFT1	Q96AA3
RFT1	Q9NWF4
ABL1	P00519
RPS10	P46783
EFEMP2	O95967
GATA1	P15976
TRIM37	O94972
STAT1	P42224
KRT10	P13645
TACR3	P29371
COL3A1	P02461
RNF216	Q9NWF9
TAB2	Q9NYJ8
KCNH1	O95259
AHSG	P02765
GHR	P10912
MCM4	P33991
PCYT1A	P49585
PIK3C2A	O00443
SH2B1	Q9NRF2
ZMYM2	Q9UBW7
NKX3-2	P78367
RNF135	Q8IUD6
PHKB	Q93100
KCNQ1	P51787
HHAT	Q5VTY9
XYLT1	Q86Y38
FXR1	P51114
SEC23A	Q15436
CTCF	P49711
ALMS1	Q8TCU4
ARX	Q96QS3
CDC42BPB	Q9Y5S2
MDM2	Q00987
GNPAT	O15228
BCR	P11274
ATP6V1E1	P36543
MYLK	Q15746
HYAL1	Q12794
BNC1	Q01954
GNPTG	Q9UJJ9
RAB23	Q9ULC3
TELO2	Q9Y4R8
PLEC	Q15149
IFT74	Q96LB3
DALRD3	Q5D0E6
SREBF1	P36956
FGF3	P11487
XPA	P23025
B4GALT7	Q9UBV7
MTFMT	Q96DP5
AP4M1	O00189
ITGB6	P18564
DOLK	Q9UPQ8
ALDOA	P04075
SOX2	P48431
IFT52	Q9Y366
CHST3	Q7LGC8
FN1	P02751
DNAJC21	Q5F1R6
ATP6V1B2	P21281
DHDDS	Q86SQ9
SEC61A1	P61619
LOX	P28300
PDE4D	Q08499
USP7	Q93009
SHROOM4	Q9ULL8
GABRG2	P18507
PKDCC	Q504Y2
TGFB3	P10600
ABAT	P80404
STT3A	P46977
DYNC2LI1	Q8TCX1
SON	P18583
OBSL1	O75147
DPH2	Q9BQC3
KMT2B	Q9UMN6
GRIN2D	O15399
B3GLCT	Q6Y288
GTF2IRD2	Q86UP8
PHEX	P78562
POLR3B	Q9NW08
LIMK1	P53667
PIGL	Q9Y2B2
MED13L	Q71F56
CRIPT	Q9P021
LEMD3	Q9Y2U8
DLG4	P78352
DLG4	Q15334
TOM1	O60784
TMEM270	Q6UE05
SMPD1	P17405
KANSL1	Q7Z3B3
WLS	Q5T9L3
METTL5	Q9NRN9
GABBR2	O75899
L1CAM	P32004
INVS	Q9Y283
SIN3A	Q96ST3
GAS1	P54826
PYGL	P06737
TGFB1	P01137
GORAB	Q5T7V8
ASL	P04424
PROKR2	Q8NFJ6
CLCN5	P51795
TRAPPC2	P0DI81
IQCB1	Q15051
AGPAT2	O15120
PRKACA	P17252
PRKACA	P17612
WT1	P19544
ROGDI	Q9GZN7
SLC4A1	P02730
NLRP3	Q96P20
MKKS	Q9NPJ1
SEMA3E	O15041
CYP27B1	O15528
DPP6	P42658
EEF1A2	Q05639
ZBTB20	Q9HC78
GPC4	O75487
MYH8	P13535
C1R	P00736
ECE1	P42892
TGIF1	Q15583
AR	P10275
ASXL3	Q9C0F0
TERT	O14746
EIF3F	O00303
CAMK2A	Q9UQM7
LAMTOR2	Q9Y2Q5
CDKN1B	P46527
ZMPSTE24	O75844
AAAS	Q9NRG9
AVPR2	P30518
GJB6	O95452
RPS28	P62857
NTRK2	Q16620
ZEB2	O60315
XYLT2	Q9H1B5
SLC39A4	Q6P5W5
UNC80	Q8N2C7
FANCC	Q00597
UROC1	Q96N76
LARS2	Q15031
KCNJ2	P63252
PALB2	Q86YC2
DSE	Q9UL01
HK1	P19367
CREBBP	Q92793
ABCB11	O95342
SPARC	P09486
CACNA1A	O00555
DDRGK1	Q96HY6
CYP11B1	P15538
TRIP13	Q15645
PIEZO1	Q92508
DPH1	Q9BZG8
TGFBR1	P36897
TBX22	Q9Y458
RIN2	Q8WYP3
MACF1	O94854
MACF1	Q9UPN3
SLC26A4	O43511
CASR	P41180
HNRNPA2B1	P22626
RUNX2	Q13950
PEX6	Q13608
DPH5	Q9H2P9
SULT2B1	O00204
HEY2	Q9UBP5
CSPP1	Q1MSJ5
SPATA5	Q8NB90
MAD2L2	Q9UI95
SLC37A4	O43826
SLC39A13	Q96H72
EBF3	Q9H4W6
EIF2S3	P41091
BCAS3	Q9H6U6
TRAF3IP1	Q8TDR0
CEP164	Q9UPV0
BRIP1	Q9BX63
BRIP1	Q9P0J6
MPL	P40238
MRE11	P49959
USB1	Q9BQ65
DHCR24	Q15392
NDN	Q99608
SDR9C7	Q8NEX9
SATB2	Q9UPW6
MAP2K2	P36507
MAN2B1	O00754
SRY	Q05066
STAC3	Q96MF2
SPRED1	Q7Z699
RAD21	O60216
EXOSC2	Q13868
PAX8	Q06710
MAF	O75444
LAGE3	Q14657
SPRTN	Q9H040
ADNP	Q9H2P0
NBAS	A2RRP1
UBR7	Q8N806
PNPLA1	Q8N8W4
GOT2	P00505
CHCHD10	Q8WYQ3
MADD	Q8WXG6
GK	P32189
ZBTB24	O43167
RB1	P06400
PYCR1	P32322
SCNN1B	P51168
KIF22	Q14807
LSM11	P83369
PRMT7	Q9NVM4
PREPL	Q4J6C6
MAPK8IP3	Q9UPT6
ALS2	Q96Q42
TRMT10A	Q8TBZ6
COG7	P83436
VAC14	Q08AM6
BAZ1B	Q9UIG0
RPS15A	P62244
PAX2	Q02962
MRPS25	P82663
CCND1	P24385
IFT122	Q9HBG6
GTF2E2	P29084
SEC24C	P53992
RPS23	P62266
WDR73	Q6P4I2
KNL1	Q8NG31
TIMM50	Q3ZCQ8
SDHAF1	A6NFY7
PGM3	O95394
GLB1	P16278
MFSD2A	Q8NA29
KIF14	Q15058
NLRC4	Q9NPP4
SMC1A	Q14683
JAGN1	Q8N5M9
MAPRE2	Q15555
SLC13A5	Q86YT5
KLF1	Q13351
PAM16	Q9Y3D7
ALOXE3	Q9BYJ1
THSD4	Q6ZMP0
PHKG2	P15735
SCAPER	Q9BY12
PRR12	Q9ULL5
IFT80	Q9P2H3
HNRNPH1	P31943
FLCN	Q8NFG4
GRM7	Q14831
OGDH	Q02218
SLC35D1	Q9NTN3
CAV1	Q03135
BUB1	O43683
AMER1	Q5JTC6
COL6A1	P12109
BRD4	O60885
MGAT2	Q10469
RAB39B	Q96DA2
NKX2-5	P52952
CENPT	Q96BT3
QRICH1	Q2TAL8
KCNJ5	P48544
RNPC3	Q96LT9
COL27A1	Q8IZC6
IDUA	P35475
RBM28	Q9NW13
FGF13	Q92913
HYOU1	Q9Y4L1
STAG1	Q8WVM7
STAG1	Q969W9
ACTA2	P62736
ORC6	Q9Y5N6
WNT4	P56705
AQP2	P41181
FGFRL1	Q8N441
PAK3	O75914
FBLN5	Q9UBX5
HMGB3	O15347
OSTM1	Q86WC4
MRAS	O14807
SMPD4	Q9NXE4
CHD4	Q14839
DGCR6	Q14129
MMP9	P14780
TP53	P04637
WNT7A	O00755
EXOSC5	Q9NQT4
BCL7B	Q9BQE9
LMBRD1	Q9NUN5
NRTN	Q99748
HSD11B2	P80365
TPRKB	Q9Y3C4
MAPKAPK5	Q8IW41
TOP3A	Q13472
DOCK3	Q8IZD9
FAM20C	Q8IXL6
PEX7	O00628
BBS1	Q8NFJ9
CRKL	P46109
PPP3CA	Q08209
DLK1	P80370
PPIB	P23284
ERF	P50548
POLR3H	Q9Y535
SOS1	Q07889
COPB2	P35606
TPM2	P07951
GABRB2	P47870
DKC1	O60832
TUBB	P07437
BMPER	Q8N8U9
PIGG	Q5H8A4
DONSON	Q9NYP3
ATP1A2	P50993
CRTAP	O75718
NEU1	Q99519
MSTO1	Q9BUK6
BICRA	Q9NZM4
RPL18	Q07020
CDKN2C	P42773
STRA6	Q9BX79
ARSK	Q6UWY0
XRCC2	O43543
RPL31	P62899
GLI3	P10071
HEATR3	Q7Z4Q2
C1S	P09871
FAR1	Q8WVX9
KLHL41	O60662
SLC10A7	Q0GE19
TBX2	Q13207
DGCR2	P98153
ANTXR2	P58335
ZNF469	Q96JG9
BMPR1A	P36894
DTYMK	P23919
ACER3	Q9NUN7
PTPN22	Q9Y2R2
OFD1	O75665
PRKCZ	Q05513
SDHB	P21912
CLMP	Q9H6B4
CAMK2G	Q13555
SPRY4	Q9C004
MYO18B	Q8IUG5
AGPS	O00116
CHSY1	Q86X52
POR	P16435
WASHC5	Q12768
INSR	P06213
EMG1	Q92979
HNF4A	P41235
FGD1	P98174
AGGF1	Q8N302
BUD23	O43709
SELENOI	Q9C0D9
PYROXD1	Q8WU10
TRH	P20396
CLTC	Q00610
SLC9A1	P19634
RPS20	P60866
MIA3	Q5JRA6
CWC27	Q6UX04
UBE2T	Q9NPD8
SIX6	O95475
KIF1C	O43896
BCOR	Q6W2J9
TTC26	A0AVF1
SDHA	P31040
DYNC1I2	Q13409
DHPS	P49366
ATP11A	P98196
PPP2R3C	Q969Q6
DLX5	P56178
TMEM216	Q9P0N5
SERPINH1	P50454
ADAR	P55265
TBX15	Q96SF7
CDH3	P22223
CDH3	P55291
DDR2	Q16832
LARP7	Q4G0J3
SLC2A1	P11166
COA3	Q9Y2R0
ORC4	O43929
JMJD1C	Q15652
RIPPLY2	Q5TAB7
GYS2	P54840
PUM1	Q14671
FANCG	O15287
ANAPC1	Q9H1A4
SALL1	Q9NSC2
KCNA4	P22459
SMS	P52788
NONO	Q15233
PORCN	Q9H237
SNRPB	P14678
WNT1	P04628
WBP11	Q9Y2W2
CNOT1	A5YKK6
PCLO	Q9Y6V0
BBIP1	A8MTZ0
VLDLR	P98155
CUL7	Q14999
HAAO	P46952
HNRNPU	Q00839
PHC1	P78364
CDK19	Q9BWU1
CYBC1	Q9BQA9
CEP19	Q96LK0
SMARCE1	Q969G3
FBXL3	Q9UKT7
DIAPH1	O60610
MVK	Q03426
TMEM38B	Q9NVV0
LGI3	Q8N145
NPHP3	Q7Z494
SOS2	Q07890
LIG4	P49917
TBC1D23	Q9NUY8
GRM1	Q13255
CREB3L1	Q96BA8
NKAP	Q8N5F7
KCNJ1	P48048
RRAS	P10301
NCDN	Q9UBB6
DNMT3B	Q9UBC3
CD96	P40200
PCCB	P05166
HLA-DQB1	P01920
ZDHHC9	Q9Y397
KMT2C	Q8NEZ4
TBX3	O15119
RSPH9	Q9H1X1
KIF11	P52732
KIAA0586	Q9BVV6
MCM9	Q9NXL9
APC2	O95996
APC2	P02655
APC2	Q9BV35
APC2	Q9UJX6
ARID1A	O14497
ADAMTS2	O95450
PDPN	Q86YL7
GRIN2A	Q12879
SCN4A	P35499
PCCA	P05165
AP1B1	Q10567
CHST11	Q9NPF2
SETD1A	O15047
GLE1	Q53GS7
CLIP2	Q9UDT6
FIG4	Q92562
ACTA1	P68133
RFWD3	Q6PCD5
ACTG1	P63261
DPF2	Q92785
TMEM165	Q9HC07
PDE6D	O43924
BUB3	O43684
TFAP2A	P05549
MLYCD	O95822
CARMIL2	Q6F5E8
BDNF	P23560
CASP8	Q14790
TUBGCP4	Q9UGJ1
COLEC10	Q9Y6Z7
POGZ	Q7Z3K3
MRAP	Q8TCY5
CDK10	Q15131
TNNT3	P45378
SALL4	Q9UJQ4
NSMF	Q6X4W1
LTBP1	Q14766
FSHR	P23945
HELLS	Q9NRZ9
ATRX	P46100
SPINK5	Q9NQ38
COMT	P21964
PDGFRB	P09619
UFSP2	Q9NUQ7
GNRH1	P01148
LSS	P48449
FUT8	Q9BYC5
IFT27	Q9BW83
ATM	Q13315
SCNN1G	P51170
ATRIP	Q8WXE1
DCHS1	Q96JQ0
HUWE1	Q7Z6Z7
SET	Q01105
COG4	Q9H9E3
CEP135	Q66GS9
LMX1B	O60663
CDKN1A	P38936
RLIM	Q9NVW2
CERS3	Q8IU89
PRKG1	Q13976
GUSB	P08236
FGF17	O60258
BBS4	Q96RK4
ZPR1	O75312
UROS	P10746
EHMT1	Q9H9B1
KDM3B	Q7LBC6
SHANK3	Q9BYB0
DACT1	Q9NYF0
SDHC	Q99643
HSD17B4	P51659
FMR1	Q06787
SUCLA2	Q9P2R7
PHGDH	O43175
MAN1B1	Q9UKM7
ITCH	Q96J02
FAM20A	Q96MK3
CYP4F22	Q6NT55
RPL10	P27635
THPO	P40225
LMBR1	Q8WVP7
DSTYK	Q6XUX3
CTNND2	Q9UQB3
LTBP2	Q14767
RPS26	P62854
CACNA1B	Q00975
FANCD2	Q9BXW9
BBS12	Q6ZW61
PYCR2	Q96C36
EHHADH	Q08426
DMXL2	Q8TDJ6
THG1L	Q9NWX6
ARID1B	Q8NFD5
IQSEC1	Q6DN90
SIK3	Q9Y2K2
TRHR	P34981
GTF2IRD1	Q9UHL9
PAPSS2	O95340
GNS	P15586
SMARCA4	P51532
POC1A	Q8NBT0
KISS1	Q15726
SLC19A2	O60779
GZF1	Q9H116
FAM50A	Q14320
CDKN2B	P42772
NFE2L2	Q16236
MYCN	P04198
WDPCP	O95876
RPL27	P61353
MYMK	A6NI61
NDUFA4	O00483
AIFM1	O95831
IQSEC2	Q5JU85
SLX4	Q8IY92
PPARG	P37231
ABCB6	Q9NP58
UBR1	Q8IWV7
STS	P08842
SZT2	Q5T011
RFC2	P35250
TBL2	Q9Y4P3
GRHL2	Q6ISB3
PPFIBP1	Q86W92
PUS7	Q96PZ0
NOG	Q13253
NEPRO	Q6NW34
LHCGR	P22888
TAC3	Q9UHF0
KCNMA1	Q12791
AGA	P20933
CTSA	P10619
KCNAB2	Q13303
PARS2	Q7L3T8
SEMA3C	Q99985
WDR62	O43379
NELFA	Q9H3P2
HMGA2	P52926
CYB5A	P00167
ADAMTSL2	Q86TH1
STX1A	Q16623
RPL5	P46777
VDR	P11473
NPAP1	Q9NZP6
ESS2	Q96DF8
NIPBL	Q6KC79
SMG9	Q9H0W8
USF3	Q68DE3
YWHAE	P62258
SLC35A2	P78381
NR5A1	Q13285
CCDC134	Q9H6E4
NPHP4	O75161
TOGARAM1	Q9Y4F4
GJB4	Q9NTQ9
TSR2	Q969E8
RAB33B	Q9H082
SMC3	Q9UQE7
NCAPD2	Q15021
HERC1	Q15751
KIF15	Q9NS87
ARL6	Q9H0F7
IL6ST	P40189
INTS1	Q8N201
SF3B4	Q15427
RASA2	Q15283
SNAP29	O95721
SMOC1	Q9H4F8
ZSWIM7	Q19AV6
PLOD2	O00469
CAMK2B	Q13554
NR2F1	P10589
INTU	Q9ULD6
CA8	P35219
TPM3	P06753
BBS7	Q8IWZ6
KDSR	Q06136
FANCL	Q9NW38
BBS9	Q3SYG4
HPGD	P15428
LEPR	O15243
LEPR	P48357
MYH11	P35749
MTOR	P42345
RPL35	P42766
VPS33B	Q9H267
LRP4	O75096
PGM1	P36871
OTUD5	Q96G74
PAX6	P26367
COX4I1	P13073
CYP2R1	Q6VVX0
NUS1	Q96E22
RYR1	P21817
DIS3L2	Q8IYB7
SLC1A2	P43004
ALG9	Q9H6U8
GHRHR	Q02643
SLC34A3	Q8N130
GMPPA	Q96IJ6
RAD51	Q06609
UFD1	Q92890
ARID2	Q68CP9
PIGN	O95427
GNA11	P29992
SIX5	Q8N196
RPGRIP1	Q96KN7
LAMB3	Q13751
TXNDC15	Q96J42
B9D1	Q9UPM9
B9D2	Q9BPU9
TCTN2	Q96GX1
B4GAT1	O43505
FRAS1	Q86XX4
CHRM3	P20309
TMEM107	Q6UX40
INPP5E	Q10713
INPP5E	Q9NRR6
ACTG2	P63267
ARL3	P36405
LMOD1	P29536
SF3B2	Q13435
WNT3	P56703
SPOP	O43791
TCTN1	Q2MV58
FREM2	Q5SZK8
TMEM231	Q9H6L2
ARL6IP6	Q8N6S5
GRIP1	Q96DT0
GRIP1	Q9Y3R0
RPGRIP1L	Q68CZ1
LAMC2	Q13753
TMEM237	Q96Q45
GREB1L	Q9C091
SIX1	Q15475
LAMA3	Q16787
CC2D2A	Q9P2K1
LIG1	P18858
LIG1	Q96JA1
RSPO2	Q6UXX9
RELN	P78509
MICAL1	Q8TDZ2
LGI1	O95970
PRIMPOL	Q96LW4
SPINK1	P00995
KITLG	P21583
CACNA1S	Q13698
KIF2A	O00139
CACNA1E	Q15878
PKLR	P30613
MECOM	Q03112
PHF21A	Q96BD5
ADCY5	O95622
B2M	P61769
GJB2	P29033
HSPB1	P04792
RARB	P10826
MUC7	Q8TAX7
BAG3	O95817
NEFH	P12036
CNGA1	P29973
GNE	Q9Y223
KCNQ5	Q9NR82
GBF1	Q92538
CHRNA1	P02708
DNASE1	P24855
POMP	Q9Y244
TCF12	Q99081
CFB	P00751
TNNI3	P19429
TBK1	Q9UHD2
SLC25A4	P12235
FBXW11	Q9UKB1
DNMT1	P26358
ITM2B	Q9Y287
MED13	Q9UHV7
SCN2A	Q99250
KCNN3	Q9UGI6
CNBP	P62633
RAC2	P15153
LRAT	O95237
GUCY2C	P25092
HSF4	Q9ULV5
SPTB	P11277
UNC119	Q13432
HNRNPR	O43390
KCNJ11	Q14654
PDGFB	P01127
IMPG1	Q17R60
TIMP3	P35625
PKD1	P98161
PKD1	Q15139
CFHR1	Q03591
GNAQ	P50148
PDCD10	Q9BUL8
MITF	O75030
SLC26A8	Q96RN1
SMAD9	O15198
HNF1A	P20823
VPS4A	Q9UN37
RYR2	Q92736
SMCHD1	A6NHR9
PRKAG2	Q9UGJ0
REST	Q13127
TNC	P24821
BMPR2	Q13873
CHMP2B	Q9UQN3
LYZ	P61626
PSMD12	O00232
MLLT10	P55197
COL4A1	P02462
NFKB2	Q00653
MAFB	Q9Y5Q3
BLK	P51451
SLC3A1	Q07837
HABP2	Q14520
NLRP12	P59046
DRD4	P21917
SLC1A3	P43003
HTR2A	P28223
FOXN1	O15353
CST3	P01034
NOBOX	O60393
JAK2	O60674
ITPR1	Q14643
GUCA1B	Q9UMX6
BAP1	Q92560
BAP1	Q96QZ7
BAP1	Q99496
KCNN4	O15554
OTULIN	Q96BN8
ATN1	P54259
ANXA11	P50995
KIF1B	O60333
KCNQ4	P56696
LRP6	O75581
COL4A3	Q01955
CLCN2	P51788
RNF43	Q68DV7
ATP2A2	P16615
GNB1	P62873
HBB	P68871
CDH2	P19022
BICD2	Q8TD16
FGF9	P31371
EPAS1	Q99814
SLC6A6	P31641
SETD1B	Q9UPS6
PTCH2	Q9Y6C5
SOX10	P56693
KRT1	P04264
ARL2	P36404
KRT17	Q04695
ALX4	Q9H161
DCC	P43146
KLF13	Q9Y2Y9
TOR1A	O14656
ARFGEF1	Q9Y6D6
CAV3	P56539
KCTD1	Q719H9
DRD5	P21918
CHAMP1	Q96JM3
AMTN	Q6UX39
PIGT	Q969N2
RHO	P08100
NUP214	P35658
SYT1	P21579
ZFP57	Q9NU63
CAPN5	O15484
CRELD1	Q96HD1
MFN2	O95140
TCF4	P15884
TCF4	Q9NQB0
SLC30A2	Q9BRI3
SERPINC1	P01008
APCDD1	Q8J025
MYOF	Q9NZM1
SEMA6B	Q9H3T3
CACNA1G	O43497
PTPN12	Q05209
UMOD	P07911
PIKFYVE	Q9Y2I7
CDH1	P12830
CDH1	Q9UM11
THRB	P10828
FBLN1	P23142
HSPB3	Q12988
APOE	P02649
BFSP2	Q13515
MAPT	P10636
SNCA	P37840
TNPO2	O14787
PURA	Q00577
WDR37	Q9Y2I8
HSPB8	Q9UJY1
CYP2A6	P11509
ATXN1	P54253
TUBB2A	Q13885
VKORC1	Q9BQB6
TUBA8	Q9NY65
POLR1B	Q9H9Y6
ANKH	Q9HCJ1
SQSTM1	Q13501
VCL	P18206
MAPKAPK3	Q16644
RABL3	Q5HYI8
MLH1	P40692
TUBA4A	P68366
NR3C2	P08235
RHBDF2	Q6PJF5
BTNL2	Q9UIR0
TRAF7	Q6Q0C0
WASF1	Q92558
ACTC1	P68032
MYH2	Q9UKX2
KRT5	P13647
PRNP	F7VJQ1
PRNP	P04156
VANGL1	Q8TAA9
NSF	P46459
SOX6	P35712
NAGLU	P54802
HBG2	P69892
AIRE	O43918
OPN1SW	P03999
FLNC	Q14315
SNRNP200	O75643
MAT1A	Q00266
TLL1	O43897
BMS1	Q14692
ADGRE2	Q9UHX3
PAX9	P55771
NR2F2	P24468
THRA	P10827
KIF5A	Q12840
UBAP1	Q9NZ09
YEATS2	Q9ULM3
ITGB3	P05106
CYLD	Q9NQC7
TRIO	O75962
VANGL2	Q9ULK5
FLT4	P35916
REEP1	Q9H902
PNKD	Q8N490
ROM1	Q03395
SP6	Q3SY56
NEUROD1	Q13562
KCNA1	Q09470
PHIP	Q8WWQ0
CNOT3	O75175
STARD7	Q9NQZ5
FCGR2B	P31994
PDE1C	Q14123
TRPM4	Q8TD43
KAT5	Q92993
EPB41	P11171
DZIP1	Q86YF9
CREB3L3	Q68CJ9
FGF14	Q92915
KRT2	P35908
PRSS1	P07477
TNF	P01375
EPHB4	P54760
KMT5B	Q4FZB7
KRT6C	P48668
SIK1	P57059
IL6	P05231
LDB3	O75112
AVP	P01185
EGR2	P11161
SETX	Q7Z333
WAC	Q9BTA9
SYNE2	Q8WXH0
CDK4	P11802
ADCY10	Q96PN6
SATB1	Q01826
TUBB6	Q9BUF5
TSHZ1	Q6ZSZ6
COQ2	Q96H96
HFE	Q30201
SNAI2	O43623
KRT4	P19013
POGLUT1	Q8NBL1
TGFBI	Q15582
CPOX	P36551
SLC22A18	Q96BI1
TNFRSF13B	O14836
TNFRSF1A	P19438
PLEKHM1	Q9Y4G2
IRF6	O14896
GLUD2	P49448
PRDX3	P30048
MEF2A	Q02078
NRIP1	P48552
UQCRC1	P31930
FOXC2	Q99958
GDF6	Q6KF10
SPTLC2	O15270
KRT74	Q7RTS7
MSX2	P35548
JAG1	P78504
GRIN2B	Q13224
EPCAM	P16422
HCRT	O43612
CDKN2A	P42771
CDKN2A	Q8N726
KCNE3	Q9Y6H6
HLA-G	P17693
EYA4	O95677
AP1S3	Q96PC3
ZNF644	Q9H582
PAX3	P23760
ZFHX2	Q9C0A1
GRHL3	Q8TE85
PLIN1	O60240
POT1	Q9NUX5
SOX18	P35713
RNF170	Q96K19
KRT81	Q14533
GFAP	P14136
RPL21	P46778
MYH6	P13533
ABCC8	Q09428
KLHL24	Q6TFL4
AIPL1	Q9NZN9
SRP72	O76094
DYNC1H1	Q14204
SCN1A	P35498
CORIN	Q9Y5Q5
DNM2	P50570
NOP56	O00567
CDH23	Q9H251
KIT	P10721
GCK	P35557
GCK	Q12851
SAMD9L	Q8IVG5
CCDC78	A2IDD5
KIDINS220	Q9ULH0
TCF7L2	Q9NQB0
RAC1	P63000
TFG	Q92734
CARD11	Q9BXL7
IL31RA	Q8NI17
SMARCC2	Q8TAQ2
UROD	P06132
PDGFRL	Q15198
LITAF	Q99732
MCM6	Q14566
DNAJB6	O75190
EPHX2	P34913
TNPO3	Q9Y5L0
OPTN	Q96CV9
NOS3	P29474
NOS3	P60323
KCNE1	P15382
ETV6	P41212
MSH2	P43246
MPO	P05164
DYRK1B	Q9Y463
COL17A1	Q9UMD9
CSRP3	P50461
ALDH2	P05091
ENG	P17813
CRYGC	P07315
BMP6	P22004
RORB	Q92753
ANLN	Q9NQW6
CACNB4	O00305
INS	P01308
KCNK3	O14649
CDC73	Q6P1J9
HMBS	P08397
NOVA2	Q9UNW9
COL8A2	P25067
CTRC	Q99895
GIGYF2	Q6Y7W6
TRPC3	Q13507
DMPK	Q09013
MET	P08581
MET	Q9NWH9
PPP2CA	P67775
TUBB1	Q9H4B7
HOXA11	P31270
RIPOR2	Q9Y4F9
CACNA1C	Q13936
GNB4	Q9HAV0
RDH5	Q92781
ABCA7	Q8IZY2
PRPH2	P23942
METTL13	Q8N6R0
CTNNA1	P35221
BARD1	Q99728
CFAP43	Q8NDM7
ABCC9	O60706
SLC7A9	P82251
IFNG	P01579
SETD5	Q9C0A6
FRMD5	Q7Z6J6
HOXA13	P31271
ELANE	P08246
ANO3	Q9BYT9
MYL2	P10916
KCNE2	Q9Y6J6
KRT6B	P04259
AP2S1	P53680
SOX17	Q9H6I2
DCAF8	Q5TAQ9
TPH2	Q8IWU9
CHD3	Q12873
PPP1R12A	O14974
GRIK2	Q13002
GRIK2	Q16478
MYOT	Q9UBF9
SH3GL1	Q99961
ICOS	Q9Y6W8
STXBP1	P61764
KIF21A	Q7Z4S6
JPH3	Q8WXH2
PRPH	P23942
PRPH	P41219
PANK4	Q9NVE7
FXYD2	P54710
SH3BP2	P78314
EPB41L1	Q9H4G0
TTR	P02766
KCNN2	Q9H2S1
ALG10B	Q5I7T1
CHEK2	O96017
PPP2R5D	Q14738
PRKN	O60260
PPP2R1B	P30154
RIPK1	Q13546
RNF2	Q99496
GPHN	Q9NQX3
MYH14	Q7Z406
FUS	P35637
PMP22	Q01453
PMP22	Q9NR77
NF2	P35240
RAPGEF2	Q9Y4G8
ACTN2	P35609
TICAM1	Q8IUC6
TMEM43	Q9BTV4
STK11	Q15831
UNC45B	Q8IWX7
NTN1	O95631
CEBPA	P49715
SH2B3	Q9UQQ2
IRF8	Q02556
CPA6	Q8N4T0
RPA1	P27694
CHCHD2	Q9Y6H1
PLS1	Q14651
MDM4	O15151
PAX4	O43316
FSCN2	O14926
CFI	P05156
SLC20A2	Q08357
EIF4G1	Q04637
KCNT1	Q5JUK3
TIMELESS	Q9UNS1
MYOCD	Q8IZQ8
SLFN14	P0C7P3
NOTCH1	P46531
GATA5	Q9BWX5
PNPT1	Q8TCS8
THBD	P07204
ASB10	Q8WXI3
PITX3	O75364
TRIM8	Q9BZR9
SLC12A2	P55011
CELA2A	P08217
BEST1	O76090
FAM111B	Q6SJ93
SCN5A	Q14524
APP	P05067
TET3	O43151
RAX2	Q96IS3
EIF2AK1	Q9BQI3
PERP	Q96FX8
TLR3	O15455
TBX20	Q9UMR3
CASQ1	P31415
PMVK	Q15126
MYH9	P35579
XPR1	Q9UBH6
NLGN1	Q8N2Q7
SLC30A8	Q8IWU4
MIP	P30301
MIP	Q8WZ33
MIP	Q99797
SGCE	O43556
MED12L	Q86YW9
SSBP1	Q04837
RTN2	O75298
SMAD6	O43541
ASXL2	Q76L83
ARMC5	Q96C12
SOCS1	O15524
SPRY2	O43597
AP1G1	O43747
RALA	P11233
IMPDH1	P20839
POU3F3	P20264
SRC	P12931
AGO2	Q9UKV8
GREM2	Q9H772
SH3TC2	Q8TF17
CTNND1	O60716
MYOC	Q99972
SLC12A5	Q9H2X9
GATA6	Q92908
IRF1	P10914
CCNF	P41002
NUDT15	Q9NV35
DNAJB11	Q9UBS4
FOXL2	P58012
WFS1	O76024
APPL1	Q9UKG1
SLC4A11	Q8NBS3
HNRNPDL	O14979
DLX3	O60479
MBL2	P11226
MME	P08473
SMARCD1	Q96GM5
CRYBA4	P53673
EPS8L3	Q8TE67
CRYBB2	P43320
APOB	P04114
VWF	P04275
SCO2	O43819
ELP1	O95163
TNNC1	P19429
TNNC1	P63316
MYBPC1	Q00872
VAMP1	P23763
TSPAN12	O95859
GJC2	Q5T442
RANBP2	P49792
NOL3	O60936
PMS1	P54277
KDM4B	O94953
ENAM	Q9NRM1
SPTBN1	Q01082
GDAP1	Q8TB36
CFHR3	Q02985
ADH1C	P00326
CALM1	P0DP23
KMT2E	Q8IZD2
MPZ	P25189
DDX41	Q9UJV9
SLC6A1	P30531
PKP2	Q99959
CCDC88C	Q9P219
PROM1	O43490
DES	P17661
KRT14	P02533
DSG2	Q14126
P2RX2	Q9UBL9
DIAPH3	Q9NSV4
ABCC6	O95255
ZMYND11	Q15326
ATL3	Q6DD88
ABCC1	P33527
MYBPC3	Q14896
FGA	P02671
GP1BA	P07359
CNOT2	Q9NZN8
SERPING1	P05155
SCN9A	Q15858
MEFV	O15553
MS4A2	Q01362
FOXC1	Q12948
RGR	P47804
RGR	Q8IZJ4
STUB1	Q9UNE7
CCL2	P13500
MYT1L	Q9UL68
SLITRK1	Q96PX8
CRYAB	P02511
NFIB	O00712
INF2	Q27J81
MMP19	Q99542
NDNF	Q8TB73
NCSTN	Q92542
TNRC6A	Q8NDV7
CALM2	P0DP24
ATL1	Q8WXF7
TM4SF20	Q53R12
RIMS1	Q86UR5
GANAB	Q14697
CDK8	P49336
PITX2	Q99697
APC	P25054
BICC1	Q9H694
LPL	P06858
GPD1L	Q8N335
GABRB3	P28472
RBM20	Q5T481
MYLK2	Q9H1R3
AQP5	P55064
AKAP9	Q99996
TLR2	O60603
GDF3	Q9NR23
TPM1	P09493
ERMARD	Q5T6L9
APOA1	P02647
TBX18	O95935
DHTKD1	Q96HY7
RNF125	Q96EQ8
CNNM2	Q9H8M5
KRT16	P08779
CITED2	Q99967
MUC1	P15941
FLT3	P36888
PLA2G7	Q13093
MVD	P53602
ELOVL5	Q9NYP7
FOXP1	Q9H334
SMARCAD1	Q9H4L7
SEC63	Q9UGP8
INSL3	P51460
SLC2A9	Q9NRM0
KLF11	O14901
CHRND	Q07001
PCSK9	Q8NBP7
NPRL2	Q8WTW4
SLC44A4	Q53GD3
TIA1	P31483
SLC33A1	O00400
GSN	P06396
ALG5	Q9Y673
FLRT3	Q9NZU0
BAX	Q07812
F11	P03951
EIF5A	P63241
CFH	P08603
PRLR	P16471
CLCN3	P51790
IL4R	P24394
PROC	P04070
NFKB1	P19838
MYOZ2	Q9NPC6
AAGAB	Q6PD74
VIM	P08670
COL5A2	P05997
SOX5	P35711
HIVEP2	P31629
GAL	P22466
GAL	Q8N6F7
DIP2B	Q9P265
FOXD3	Q9UJU5
DTNA	Q9Y4J8
TNRC6B	Q9UPQ9
PHOX2B	Q99453
SLC5A2	P31639
SDHAF2	Q9NX18
SLCO2A1	Q92959
TCAP	O15273
PRRT2	Q7Z6L0
PPP2R2B	Q00005
CLEC3B	P05452
KLHL7	Q8IXQ5
TRPM7	Q96QT4
FAM83H	Q6ZRV2
MYRF	Q9Y2G1
PDX1	O00330
PDX1	P52945
PSEN2	P49810
SCN1B	Q07699
PHACTR1	Q9C0D0
GATA2	P23769
KCNC1	P48547
FREM1	Q5H8C1
ATP2B2	P23634
ATP2B2	Q01814
ANG	P03950
PRKCG	P05129
DRD3	P35462
VEGFC	P49767
SNCAIP	Q9Y6H5
NPPA	P01160
KRT3	P12035
YAP1	P46937
SCGB3A2	Q96PL1
HTR1A	P08908
ELOVL1	Q9BW60
ANGPT1	Q15389
SLC17A8	Q8NDX2
BCL11A	Q9H165
GRIA1	P42261
CHIC2	Q9UKJ5
MYL4	P12829
GNAO1	P09471
PLCG2	P16885
LOXL1	Q08397
SYK	P43405
ACTN1	P12814
RAB11B	Q15907
TNNI3K	Q59H18
KDR	P35968
VPS16	Q9H269
ARHGAP31	Q2M1Z3
CALCR	P30988
DCTN1	Q14203
TNFRSF13C	Q96RJ3
ZNF408	Q9H9D4
ARHGAP26	Q9UNA1
GABRB1	P18505
CRYBB3	P26998
EDARADD	Q8WWZ3
NEUROD2	Q15784
PACS2	Q86VP3
SLC5A7	Q9GZV3
PANX1	Q96RD7
HNMT	P50135
LMAN2L	Q9H0V9
CR2	P20023
PRKD1	Q15139
CFTR	P13569
F2	P00734
CFHR5	Q9BXR6
WNT10A	Q9GZT5
SERPINA6	P08185
CCDC50	Q8IVM0
KCNQ2	O43526
MTNR1B	P49286
TENM4	Q6N022
PALLD	Q8WX93
MST1R	Q04912
FDPS	P14324
KRT13	P13646
CDH11	P55287
CSNK2A1	P68400
EEF2	P13639
ZNF292	O60281
FH	P07954
PLCB4	Q15147
TBP	P20226
P4HA2	O15460
A2ML1	A8K2U0
SLC39A14	Q15043
DNM1L	O00429
CACNA1H	O95180
CLRN1	P58418
TRPA1	O75762
KRIT1	O00522
KAT8	Q9H7Z6
GLUD1	P00367
CACNA1I	Q9P0X4
CLCN1	P35523
SFTPA2	Q8IWL1
POU6F2	P78424
RAC3	P60763
RAC3	Q9Y6Q9
TMEM98	Q9Y2Y6
ACVRL1	P37023
CTNNA3	Q9UI47
IVNS1ABP	Q9Y6Y0
MYO6	Q9UM54
CLPX	O76031
IRF2BPL	Q9H1B7
RETN	Q9HD89
INAVA	Q3KP66
EIF2AK2	P19525
HCN2	Q9UL51
RBP4	P02753
NLRP1	Q9C000
ZBTB7A	O95365
PLCD1	P51178
ASH1L	Q9NR48
MTAP	Q13126
APOA5	Q6Q788
GNAT1	P11488
ITGA2B	P08514
COL7A1	Q02388
HEPACAM	Q14CZ8
TBC1D24	Q9ULP9
KCNA5	P22460
APOL4	Q9BPW4
CACNB2	Q08289
PPP1R17	O96001
KRT6A	P02538
ANXA5	P08758
DLST	P36957
CHN1	P15882
TANC2	Q9HCD6
ZFHX3	Q15911
REEP2	Q9BRK0
DIO1	P49895
CACNA1D	Q01668
GJA8	P48165
CADM3	Q8N126
EDN1	P05305
PLAU	P00749
PSTPIP1	O43586
PSEN1	P49768
TMEM127	O75204
PDE8B	O95263
TIE1	P35590
EMILIN1	Q9Y6C2
PROS1	P07225
SFTPC	P11686
CELSR1	Q9NYQ6
GNAI1	P63096
RPE65	Q16518
VHL	P40337
DEPDC5	O75140
PRKCSH	P14314
VSX1	Q9NZR4
TTBK2	Q6IQ55
PER3	P56645
MINPP1	Q9UNW1
FBP2	O00757
FBP2	Q63HM2
NANOS1	Q8WY41
RP9	Q8TA86
ANKRD26	Q9UPS8
MN1	Q10571
ADRB2	P07550
MTMR14	Q8NCE2
SNCB	Q16143
HECW2	Q9P2P5
MCM2	P33993
MCM2	P49736
FUZ	Q9BT04
LRP12	Q9Y561
GLS	O94925
GRIA2	P42262
IL17F	Q96PD4
TEAD1	P28347
PDYN	P01213
EDAR	Q9UNE0
BCO1	Q9HAY6
ZIC1	Q15915
SYCP3	Q8IZU3
DSG1	Q02413
BMP4	P12644
LMX1A	Q8TE12
NIPA1	Q7RTP0
DSP	P15924
VCAN	P13611
GNB2	P62879
PITPNM3	Q9BZ71
AFG3L2	Q9Y4W6
OSMR	Q99650
FASLG	P48023
SPTLC1	O15269
PLG	P00747
SRPX2	O60687
PRODH	O43272
CUL3	Q13618
DCN	P07585
WDR26	Q9H7D7
CRYAA	P02489
IMPG2	Q9BZV3
CARD8	Q9Y2G2
AXIN2	Q9Y2T1
LGR4	Q9BXB1
SLC16A1	P53985
SERPINI1	Q99574
HBG1	P69891
TWIST2	Q8WVJ9
OPCML	Q14982
CFC1	P0CG37
IGF2BP2	Q9Y6M1
TNNT2	P45379
LAMA4	Q16363
JPH2	Q9BR39
MTTP	P55157
GIPC1	O14908
NEXN	Q0ZGT2
TFAP2B	Q92481
RLBP1	P12271
MSX1	P28360
PTPRJ	Q12913
EPO	P01588
EPO	P11678
CRY1	Q16526
SOD1	P00441
CHD1	O14646
DLC1	P63167
DLC1	Q96QB1
DLC1	Q9Y238
KLHL3	Q9UH77
GFI1B	Q5VTD9
KLF6	Q99612
PDGFRA	P16234
CHI3L1	P36222
KRT9	P35527
PRX	Q9BXM0
COL12A1	Q99715
CTSB	P07858
FAT2	Q9NYQ8
SUPT16H	Q9Y5B9
SRGAP1	Q7Z6B7
MAP1B	P46821
GNAI2	P04899
OPLAH	O14841
SPI1	P17947
PIK3CD	O00329
CASP10	Q92851
DHX16	O60231
MRAP2	Q96G30
FOXF1	Q12946
DHX30	Q7L2E3
BEAN1	Q3B7T3
PRPF8	Q6P2Q9
KCNQ3	O43525
OPA1	O60313
SLC36A2	Q495M3
NR4A2	P43354
SLC40A1	Q9NP59
PTPRQ	Q15256
PTPRQ	Q9UMZ3
CYP2C9	P11712
TMEM240	Q5SV17
C9	P02748
CSF3R	Q99062
ABCB4	P21439
CDSN	Q15517
SPAST	Q9UBP0
ATXN10	Q9UBB4
NAA15	Q9BXJ9
KLHL10	Q6JEL2
DHX37	Q8IY37
EFEMP1	Q12805
SFTPA1	Q8IWL2
ZNF687	Q8N1G0
CPT2	P23786
CASQ2	O14958
ZMIZ1	Q9ULJ6
RELA	Q04206
MSH3	P20585
ZEB1	P37275
SPTAN1	Q13813
PAK2	Q13177
LRRC8A	Q8IWT6
CHMP4B	Q9H444
DNAAF4	Q8WXU2
RUNX1	Q01196
ZNF462	Q96JM2
DNAJC5	Q9H3Z4
ASPN	Q9BXN1
ZP3	P21754
NFIA	Q12857
ALG8	Q9BVK2
GPD2	P43304
FBXW7	Q969H0
TUBB3	Q13509
ZFPM2	Q8WW38
SCD5	Q86SK9
SCN3B	Q9NY72
RASA1	P20936
CXCR4	P61073
GJA3	Q9Y6H8
MYO7A	Q13402
C3	P01024
APOA2	P02652
PLA2G2A	P14555
ACVR1	Q04771
SLC2A2	P11168
TRPV3	Q8NET8
GFI1	Q99684
CTLA4	P16410
IRF3	Q14653
PDE6G	P18545
TSC2	P49815
TRIM71	Q2Q1W2
MBD4	O95243
MATR3	P43243
TSC1	Q92574
KCNK4	Q9NYG8
SLC25A11	Q02978
OVOL2	Q9BRP0
TBXT	O15178
ANO5	Q75V66
EDNRA	P25101
RPSA	A0A8I5KQE6
RPSA	P08865
KCNH2	Q12809
SLC12A6	Q9UHW9
TBR1	Q16650
GUCY2D	Q02846
POLD1	P28340
SYNE1	Q8NF91
UBTF	P17480
ZFHX4	Q86UP3
AP2M1	Q96CW1
FLG	P11362
FLG	P20930
FBXO38	Q6PIJ6
RTN4R	Q9BZR6
RAB7A	P51149
F13A1	P00488
HSD11B1	P28845
BCL11B	Q9C0K0
FTL	P02792
IRS1	P35568
STEAP3	Q658P3
KCNMB1	Q16558
SPTA1	P02549
CHRNB2	P17787
HS3ST6	Q96QI5
DLL4	Q9NR61
SLC17A9	Q9BYT1
FOXJ1	Q92949
ZFYVE27	Q5T4F4
HOXD10	P28358
MAPK8IP1	Q9UQF2
ZNF750	Q32MQ0
MTHFR	P42898
TCOF1	Q13428
DLX4	Q92988
RAD54L	P46100
RAD54L	Q92698
PFN1	P07737
A4GALT	Q9NPC4
ATXN2	Q99700
CCM2	Q9BSQ5
ADGRV1	Q8WXG9
LRRK2	Q5S007
CDH15	P55291
ELOVL4	Q9GZR5
VAPB	O95292
PDE6B	P35913
TUBB4B	P68371
CHD5	O00258
CHD5	Q8TD26
CHD5	Q8TDI0
HLA-DRB1	P01911
MYL3	P08590
PTPN1	P18031
CPSF1	Q10570
HSPD1	P10809
XRCC3	O43542
RILPL1	Q5EBL4
ODC1	P11926
NBEA	Q8NFP9
FCGR2A	P12318
LPP	Q93052
MAP3K1	Q13233
ATP1A1	P05023
SGCD	Q92629
PPP2R1A	P30153
CEL	P19835
EFHC1	Q5JVL4
SLC6A2	P23975
AKT3	Q9Y243
MCC	P23508
ACTN4	O43707
ROBO4	Q8WZ75
HTRA1	Q92743
TUBG1	P23258
SETBP1	Q9Y6X0
CARD14	Q9BXL6
CHRNA2	Q15822
GATA3	P23771
TMEM63A	O94886
NOD2	Q9HC29
MEF2C	Q06413
CLDN11	O75508
KDF1	Q8NAX2
PDE10A	Q9Y233
PLN	P26678
HMCN1	Q96RW7
LMBRD2	Q68DH5
GCH1	P30793
SCN4B	Q8IWT1
CRYBB1	P53674
HRG	P04196
SNRPE	P62304
ATAD3A	Q9NVI7
CYCS	P99999
SAMD12	Q8N8I0
CEP85L	Q5SZL2
COPA	P53621
TRIM44	Q96DX7
SPR	P35270
TECTA	O75443
CHRNE	Q04844
ZSWIM6	Q9HCJ5
FZD4	Q9ULV1
GSDME	O60443
SLC52A1	Q9NWF4
SYN2	Q92777
CSNK2B	P67870
MAD1L1	Q9Y6D9
THAP1	Q9NVV9
UBA2	Q9UBT2
CCL11	P51671
F5	P12259
CYP3A4	P08684
NACC1	Q96RE7
KNG1	P01042
KCND3	Q9UK17
FBXO28	Q9NVF7
BNC2	Q6ZN30
MAX	P61244
ANK2	Q01484
CES1	P02795
CES1	P23141
NPRL3	Q12980
MNX1	P50219
ATP2B1	P20020
PPP1R3A	Q16821
CCND2	P30279
IKZF3	Q9UKT9
SYT2	Q8N9I0
MLH3	Q9UHC1
BFSP1	Q12934
EGLN1	Q9GZT9
WNK4	Q96J92
SCN11A	Q9UI33
RNASEL	Q05823
PAK1	Q13153
PAK1	Q16512
BLVRA	P53004
ADGRL1	O94910
NQO2	P16083
FRG1	Q14331
GABRA1	P14867
PACS1	Q6VY07
KCNJ6	P48051
TEK	Q02763
LIPC	P11150
ACOX1	Q15067
POU4F1	Q01851
POLG2	Q9UHN1
TMEM106B	Q9NUM4
JPH1	Q9HDC5
HMMR	O75330
DIABLO	Q9NR28
CD19	P15391
ZCCHC8	Q6NZY4
POFUT1	Q9H488
CDC42	P60953
HOMER2	Q9NSB8
WNT10B	O00744
HDC	P19113
HDC	Q9UBI9
PDE6H	Q13956
PRRX1	P54821
CSNK1D	P48730
TBXA2R	P21731
ALOX5	P09917
GNAI3	P08754
RNF213	Q63HN8
POLR3F	Q9H1D9
DAB1	O75553
MSH6	P52701
LRSAM1	Q6UWE0
IKZF5	Q9H5V7
PMS2	P54278
PRPF4	O43172
CRYM	Q14894
TBX5	Q99593
PRKAR1B	P31321
SNAP25	P60880
IFNGR1	P15260
CCNK	O75909
RNF13	O43567
SERPINE1	P05121
PER2	O15055
WNK1	Q9H4A3
IKZF1	Q13422
CRYGB	P07316
SOX4	Q06945
PSAP	P07602
PSAP	Q8IWL1
PSAP	Q8IWL2
PSAP	Q9NZJ7
RAD54B	Q9Y620
IL17RD	Q8NFM7
PRDM6	Q9NQX0
CALR	P27797
ERBB4	Q15303
RP1	P49842
RP1	P56715
RP1	Q15555
RB1CC1	Q8TDY2
KCNK9	Q9NPC2
CRYBA2	P53672
CACNG2	Q9Y698
HCN4	Q9Y3Q4
RHAG	Q02094
COL4A4	P53420
DDB1	Q16531
EGFR	P00533
MXI1	P50539
RP1L1	Q8IWN7
ARHGEF10	O15013
OSBPL2	Q9H1P3
PRCC	Q92733
CHRNB1	P11230
GATAD2B	Q8WXI9
KIF3B	O15066
AKT2	P31751
UBIAD1	Q9Y5Z9
PRPF31	Q8WWY3
MAP3K8	P41279
KCNC2	Q96PR1
TUBA1A	Q71U36
ARF1	P84077
CRB1	P82279
ATP6V0A1	Q93050
SLC6A4	P31645
IL13	P35225
KRT12	Q99456
CHD2	O14647
SEMA3A	Q14563
MOG	Q16653
ATXN3	P54252
PICALM	Q13492
IRF2BP2	Q7Z5L9
SASH1	O94885
USP8	P40818
PLD3	Q8IV08
LMNB2	Q03252
ELP4	Q96EB1
KRT83	P78385
F12	P00748
CAPN3	P20807
SLC16A12	Q6ZSM3
FOXG1	P55316
RHOBTB2	Q9BYZ6
VPS35	Q96QK1
PMP2	P02689
TWNK	Q96RR1
HOXA2	O43364
JUP	P14923
SEMA4A	Q9H3S1
TUBA3D	P0DPH8
RORA	P35398
ANGPT2	O15123
ELMOD3	Q96FG2
YY1	P25490
CLCN6	P51797
HMGA1	P17096
CD46	P15529
CD164	Q04900
KCTD17	Q8N5Z5
MIB1	Q86YT6
ALPK1	Q96QP1
PDLIM4	P50479
RBPJ	Q06330
COL4A2	P08572
NFKBIA	P25963
ADAM10	O14672
ATP2C1	P98194
ESR2	Q92731
ABCA4	P78363
ACVR2B	Q13705
TRIP12	Q14669
TMC1	Q8TDI8
PPOX	O43612
PPOX	P50336
BACH2	Q9BYV9
KCNT2	Q6UVM3
TCF3	P15923
TCF3	Q9HCS4
KIF5C	O60282
COCH	O43405
REN	P00797
REN	Q693B1
DDX6	P26196
ZNF423	Q2M1K9
SCN2B	O60939
IRS2	Q9Y4H2
CRYGD	P07320
POLR1D	P0DPB5
POLR1D	P0DPB6
GLRA1	P23415
PRPF3	O43395
SIAH1	Q8IUQ4
FOXP2	O15409
COL18A1	P39060
SPG7	Q9UQ90
SERPIND1	P05546
KDM6B	O15054
KRT86	O43790
MAFA	Q8NHW3
MAFA	Q96E93
PRPF6	O94906
UCHL1	P09936
WDFY3	Q8IZQ1
RDH12	Q96NR8
HPD	P32754
OAS1	P00973
HTRA2	O43464
GNAL	P38405
TNFAIP3	P21580
GRN	P28799
FTH1	P02794
TNXB	P22105
GUCA1A	P43080
STX1B	P61266
GDF11	O95390
SLC6A5	P23975
SLC6A5	Q9Y345
ROBO2	Q9HCK4
FGF10	O15520
CHRNA4	P43681
SCN10A	Q9Y5Y9
IKBKB	O14920
CUX2	O14529
ATXN7	O15265
AURKA	O14965
APOL2	Q9BQE5
DSC2	Q02487
TARDBP	Q13148
NRL	P54845
SLC39A5	Q6ZMH5
POLR2A	P24928
CRYGS	P22914
CPT1C	Q8TCG5
CSF1R	P07333
SPTBN2	O15020
THSD1	Q9NS62
LDLR	P01130
NEDD4L	Q96PU5
ATP5MC3	P48201
TRPC6	Q9Y210
SLC6A20	Q9NP91
OPA3	Q9H6K4
SNTA1	Q13424
GLMN	Q92990
GCM2	O75603
ABCA1	O95477
HTT	P31645
HTT	P42858
CALM3	P0DP25
MUC5B	Q9HC84
NR3C1	P04150
FHOD3	Q2V2M9
FHOD3	Q8IVF7
EPHA2	P29317
AHDC1	Q5TGY3
TRDN	Q13061
PKD2	Q13563
PKD2	Q9BZL6
TRNT1	Q96Q11
PI4KA	P42356
USP53	Q70EK8
STK4	Q13043
CNNM4	Q6P4Q7
PRCD	Q00LT1
BTG4	Q9NY30
GPI	P06744
CYP2U1	Q7Z449
SLC41A1	Q8IVJ1
MSH4	O15457
FCHO1	O14526
NDUFAF2	Q8N183
MEGF8	Q7Z7M0
H6PD	O95479
SYT14	Q8NB59
UVSSA	Q2YD98
IL1RN	P18510
PPT1	P50897
DBH	P09172
TAF8	Q7Z7C8
TMEM132E	Q6IEE7
DHH	O43323
JAG2	Q9Y219
NADSYN1	Q6IA69
RUSC2	Q8N2Y8
ACADM	P11310
UPB1	Q9UBR1
NEK8	Q86SG6
NEK8	Q8TD19
MAK	P20794
MAK	Q96L96
NTRK1	P04629
DBR1	Q9UK59
TP73	O15350
WBP2	Q969T9
CTNNBL1	Q8WYA6
TDP1	Q9NUW8
ASNS	P08243
MOCS1	Q9NZB8
SCYL2	Q6P3W7
CFAP298	P57076
ZBTB11	O95625
EXOSC3	Q9NQT5
SMN1	Q16637
CLDN19	Q8N6F1
TANGO2	Q6ICL3
SEPSECS	Q9HD40
USH1C	Q9Y6N9
FAH	P16930
PLA2G6	O60733
LRIT3	Q3SXY7
EIF2AK4	Q9P2K8
TAPBP	O15533
NBEAL2	Q6ZNJ1
FRMD4A	Q9P2Q2
IL12B	P29460
PLEKHG2	Q9H7P9
TSEN2	Q8NCE0
ITGA7	Q13683
C6	P13671
TPK1	Q9H3S4
MTMR2	Q13614
MRPL3	P09001
FOXI1	Q12951
AMBN	Q9NP70
CATIP	Q7Z7H3
BCAT2	O15382
CTSF	Q9UBX1
CRAT	P43155
SLC19A3	Q9BZV2
SNX10	Q9Y5X0
CLN6	Q9NWW5
ROBO3	Q96MS0
AUH	Q13825
AGRN	O00468
LAMA1	P25391
COQ4	Q9Y3A0
POLR3K	Q9Y2Y1
RFX6	Q8HWS3
CCDC34	Q96HJ3
CFAP65	Q6ZU64
ARHGEF1	Q92888
VPS13C	Q709C8
MED25	Q71SY5
MED25	Q9NWA0
SLC25A42	Q86VD7
PTF1A	Q7RTS3
FDFT1	P37268
FKTN	O75072
GSR	P00390
ADAMTSL4	Q6UY14
ETHE1	O95571
HMOX1	P09601
HACD1	B0YJ81
HPDL	Q96IR7
MSRB3	Q8IXL7
STN1	Q9H668
STN1	Q9Y6Q2
TKFC	Q3LXA3
NDUFS4	O43181
ARHGEF18	Q6ZSZ5
TSPEAR	Q8WU66
SHMT2	P34897
IL36RN	Q9UBH0
LIPT2	A6NK58
GLIS3	Q8NEA6
GCDH	Q92947
TPP2	P29144
CNP	P09543
UQCRQ	O14949
PIDD1	Q9HB75
FRRS1L	Q9P0K9
SLC5A5	Q92911
CHMP1A	Q9HD42
SLC6A17	Q9H1V8
IFT81	Q8WYA0
GCSH	P23434
ECHS1	P30084
GON7	Q9BXV9
TYRP1	P17643
AFP	P02771
GRAP	Q13588
GGCX	P38435
CRADD	P78560
FBXO31	Q5XUX0
PARK7	Q99497
SLC6A9	P48067
COX6A2	Q02221
PIGV	Q9NUD9
ADD3	Q9UEY8
PTPRO	Q16827
PTPRO	Q92729
NCF2	P19878
ACY1	Q03154
PIGH	Q14442
IRF7	Q92985
RD3	Q7Z3Z2
UMPS	P11172
ADCY1	Q08828
MCM8	Q9UJA3
BAG5	Q9UL15
MOV10L1	Q9BXT6
DNHD1	Q96M86
CEP55	Q53EZ4
LPIN2	Q92539
GATAD1	Q8WUU5
ITGB4	P16144
PSMB10	P40306
MCIDAS	D6RGH6
FSHB	P01225
KPTN	Q9Y664
TIMMDC1	Q9NPL8
STAT2	P52630
TAF4B	Q92750
ADCY6	O43306
IL10RA	Q13651
DNAH8	Q96JB1
MAP3K20	Q9NYL2
ISG15	P05161
ARL2BP	Q9Y2Y0
LAMB2	P11047
LAMB2	P55268
GRXCR1	A8MXD5
GAN	Q9H2C0
RSPH1	Q8WYR4
SLC26A1	Q9H2B4
ALDH7A1	P49419
ALDH4A1	P30038
OGDHL	Q9ULD0
GALK1	P51570
NEK2	P51955
LIPT1	Q9Y234
ANK3	Q12955
SH3PXD2B	A1X283
CLCF1	Q9UBD9
AKR1C2	P52895
TAP1	Q03518
CD27	P26842
IL17RC	Q8NAC3
ABCD3	P28288
DEF6	Q01524
DEF6	Q9H4E7
DGUOK	Q16854
ARPC1B	O15143
NECTIN4	Q96NY8
DPAGT1	Q9H3H5
PIGU	Q9H490
ALX3	O95076
CATSPER1	Q8NEC5
MFF	Q9GZY8
EMC1	Q8N766
CD3G	P09693
TMEM218	A2RU14
TEX14	Q8IWB6
PRDM8	Q9NQV8
HOXA1	P49639
SLC51B	Q86UW2
ACADSB	P45954
SC5D	O75845
IGHMBP2	P38935
COX5A	P20674
NDUFA2	O43678
PC	P11498
ADGRG6	Q86SQ4
TK2	O00142
VPS41	P49754
TRMT10C	Q7L0Y3
DRC1	Q96MC2
DRC1	Q9UBG3
AKR1D1	P51857
PDHX	O00330
RAG1	P15918
MARVELD2	Q8N4S9
TBC1D7	Q9P0N9
PSPH	P78330
PSAT1	Q9Y617
HMX1	Q9NP08
PANK2	Q9BZ23
POMT2	Q9UKY4
ABCA3	Q99758
CIB2	O75838
GFRA1	P56159
GFPT1	Q06210
OXCT1	P55809
ERGIC1	Q969X5
PLCB3	Q01970
DST	Q03001
VPS11	Q9H270
SLC25A38	Q96DW6
SPINK2	P20155
TERB2	Q8NHR7
ETFB	P38117
EXPH5	Q8NEV8
GAMT	Q14353
ANKS6	Q68DC2
TMC8	Q8IU68
FCGR3A	P08637
PRKDC	P78527
NEK10	Q6ZWH5
IL6R	P08887
PDE6C	P51160
LCA5	Q86VQ0
GCNT2	Q8N0V5
STRC	Q7RTU9
NPHS1	O60500
AICDA	Q9GZX7
STT3B	Q8TCJ2
NOS1AP	O75052
NUDT2	P50583
FGG	P02679
SPTBN4	Q9H254
NDUFS3	O75489
ISCU	Q9H1K1
COA6	Q5JTJ3
GPR88	Q9GZN0
MAPKBP1	O60336
RFXANK	O14593
CALCRL	Q16602
ARHGEF2	Q92974
GSS	P48637
MEOX1	P50221
DOHH	Q9BU89
EXOC2	Q96KP1
MPLKIP	Q8TAP9
KIZ	Q2M2Z5
TSPYL1	Q9H0U9
KANK2	Q63ZY3
ERLIN2	O94905
SPAG17	Q6Q759
CPT1A	P50416
TMPRSS15	P98073
HJV	Q6ZVN8
SVIL	O95425
AK2	P54819
IL18BP	O95998
PTPN14	Q15678
CYP2D6	P10635
RIC1	Q4ADV7
MALT1	Q9UDY8
MLIP	Q5VWP3
KNSTRN	Q9Y448
AP1S1	P61966
NAPB	Q9H115
NFASC	O94856
SUGCT	Q9HAC7
S1PR2	O95136
COG6	Q9Y2V7
PLVAP	Q9BX97
TMX2	Q9Y320
YARS2	Q9Y2Z4
ACSF3	Q4G176
TRAPPC9	Q96Q05
FAN1	Q16658
FAN1	Q9Y2M0
FLG2	Q5D862
ABCG8	Q9H221
CNGA3	Q16281
PNP	P00491
PNP	P01298
HIKESHI	Q53FT3
C5	P01031
LBX1	P52954
ARSA	O43681
ARSA	P15289
GLYCTK	Q8IVS8
MOCOS	Q96EN8
RELB	Q01201
LOXHD1	Q8IVV2
TJP2	Q9UDY2
TRIP4	Q15650
DSC3	Q02487
DSC3	Q14574
IL21	Q9HBE4
MERTK	Q12866
HSF2BP	O75031
MTRR	Q9UBK8
HOGA1	Q86XE5
AGT	P01019
TAP2	Q03519
TAP2	Q9UDX4
USH2A	O75445
NDUFAF5	Q5TEU4
MMP1	P03956
MMAA	Q8IVH4
MMAA	Q9GIP4
POMT1	Q9Y6A1
TIAM1	Q13009
SAR1B	Q9Y6B6
GNB5	O14775
TMEM70	Q9BUB7
ELMO2	Q96JJ3
CUBN	O60494
GTPBP2	Q9BX10
NT5C3A	Q9H0P0
CYP26C1	Q6V0L0
MTR	Q99707
DSG4	Q86SJ6
PINK1	Q9BXM7
TGM5	O43548
MTHFD1	P11586
DDC	P20711
SLC1A4	P43007
KIF20A	O95235
DOCK7	Q96N67
CEP104	O60308
CNTN1	Q12860
SLC25A12	O75746
RALGAPA1	Q6GYQ0
CFD	P00746
SAG	P10523
SAG	Q9UBF6
CD79B	P40259
PATL2	C9JE40
TEX15	Q9BXT5
PIK3CG	P48736
SPPL2A	Q8TCT8
CTSD	P07339
NCF4	Q15080
FYB1	O15117
SUN5	Q8TC36
RNF220	Q5VTB9
KIAA0825	Q8IV33
ANAPC7	Q9UJX3
GNAT2	P19087
NUP37	Q8NFH4
LAMC3	Q9Y6N6
ARSG	Q96EG1
TBX19	O60806
KRT18	P05783
CD151	P48509
SRA1	Q9H7N4
SRA1	Q9HD15
PDSS2	Q86YH6
ALG14	Q96F25
ATP13A3	Q9H7F0
UNG	P13051
PSMB1	P20618
PLEKHG5	O94827
NDUFV2	P19404
TNR	Q92752
CLDN14	O95500
LCAT	P04180
MYO1E	Q12965
KL	Q9UEF7
PLXNA1	Q9UIW2
NRXN1	P58400
NRXN1	Q9ULB1
CEP112	Q8N8E3
PJVK	Q0ZLH3
DCAF17	Q5H9S7
CRLF1	O75462
TECR	Q9NZ01
CFAP44	Q96MT7
AIMP2	Q13155
ZNF513	Q8N8E2
REEP6	Q96HR9
ZAP70	P43403
TNFSF11	O14788
SHQ1	Q6PI26
ACP4	Q9BZG2
ESPN	B1AK53
C1QB	P02746
ACADS	P16219
CIDEC	Q96AQ7
IDH3A	P50213
UQCRB	P14927
ADAM17	P78536
FGF20	Q9NP95
ALX1	Q15699
SIGMAR1	Q99720
LTBP4	Q8N2S1
SERAC1	Q96JX3
ETFA	P13804
B3GALNT2	Q8NCR0
CABP4	P57796
DNAH17	Q9UFH2
EDEM3	Q9BZQ6
HPS6	Q86YV9
PDE6A	P16499
SLC25A46	Q96AG3
MFSD8	Q8NHS3
CAT	P04040
CAT	Q6IB77
TPO	P07202
NDUFAF8	A1L188
SLC10A1	Q14973
HOXB1	P14653
NAGA	P17050
RXYLT1	Q9Y2B1
LAMA5	O15230
VIPAS39	Q9H9C1
CLDN10	P78369
DNAI1	Q9UI46
SCUBE3	Q8IX30
WDR45	Q9Y484
USH1G	Q495M9
MRPS23	Q9Y3D9
SI	P14410
MSH5	O43196
BVES	Q8NE79
SLC24A1	O60721
TTPA	P49638
EIF2B4	Q9UI10
REL	Q04864
SGO1	Q5FBB7
TMTC3	Q6ZXV5
KCNV2	Q8TDN2
FSIP2	Q5CZC0
CFAP300	Q9BRQ4
HADHA	P40939
PET117	Q6UWS5
PRDM13	Q9H4Q3
GALT	P07902
LIG3	P49916
LIG3	Q6UXM1
COLEC11	Q9BWP8
SLC26A3	P40879
AK7	Q96M32
COA7	Q96BR5
LAMA2	P24043
GPAA1	O43292
PIGB	Q92521
SELENBP1	Q13228
SLC52A3	Q9NQ40
SPATA16	Q9BXB7
IREB2	P48200
PTPRC	P08575
PRG4	Q92954
PRG4	Q96GM1
GP9	P14770
ADA	P00813
AHR	P35869
HID1	Q8IV36
CCDC62	Q6P9F0
PADI3	Q9ULW8
CLCC1	Q96S66
CRB2	Q5IJ48
JAK3	P52333
MYO1H	Q8N1T3
COX10	Q12887
DHFR	P00374
BCL10	O95999
IBA57	Q5T440
NUP93	Q8N1F7
ALDH1A3	P47895
FKRP	Q9H9S5
COLQ	Q9Y215
CYP24A1	Q07973
CARD9	Q9H257
PDZD7	Q9H5P4
CCDC28B	Q9BUN5
PKHD1	P08F94
ATP2A1	O14983
LMF1	Q96S06
JAM2	P57087
ZP1	P60852
SLC52A2	Q9HAB3
YIF1B	Q5BJH7
SLC1A1	P43005
WDR1	O75083
MICU1	Q9BPX6
NADK2	Q4G0N4
NPHS2	Q9NP85
SLC25A19	Q9HC21
RBL2	Q08999
DBT	P11182
FERMT3	Q86UX7
WNT2B	Q93097
NLRP7	Q8WX94
SLC22A5	O76082
LDHD	Q86WU2
YIPF5	Q969M3
PRDX1	Q06830
ACE	P12821
LDLRAP1	Q5SW96
WEE2	P0C1S8
SLC25A13	Q9UJS0
GBE1	Q04446
TMEM260	Q9NX78
WARS2	Q9UGM6
ANGPTL3	Q9Y5C1
ITPA	Q9BY32
TULP1	O00294
CP	P00450
VSX2	P58304
NANS	Q9NR45
HAVCR2	Q8TDQ0
CPS1	P31327
COASY	Q13057
GNMT	Q14749
AMH	P03971
SLC18A3	Q16572
NDUFB7	P17568
CLN8	Q9UBY8
RSPH3	Q86UC2
BLOC1S5	Q8TDH9
CD3E	P07766
ABCA5	Q8WWZ7
MUTYH	Q9UIF7
IL17RA	Q96F46
ARHGDIA	P52565
DYSF	O75923
NAGS	Q8N159
DLAT	P10515
AP3B1	O00203
SCARB2	Q14108
RETREG1	Q9H6L5
FBXO43	Q4G163
HSD3B7	Q9H2F3
RAB27A	P51159
PPP1R21	Q6ZMI0
NME8	Q8N427
EOGT	Q5NDL2
FITM2	Q8N6M3
GFM1	Q96RP9
TERB1	Q8NA31
CHUK	O15111
SLC46A1	Q96NT5
POLR1C	O15160
CNGB1	Q14028
LYRM4	Q9HD34
NHLRC1	Q6VVB1
STX3	Q13277
CCDC88A	Q3V6T2
DOCK6	Q96HP0
DDX11	Q96FC9
SEMA7A	O75326
SLC25A26	Q70HW3
MRPS7	Q9Y2R9
HGSNAT	Q68CP4
TARS2	Q9BW92
CD3D	P04234
HMGCS2	P54868
TULP3	O75386
ADAM9	Q13443
PNKP	Q96T60
CRBN	Q96SW2
DNAL1	Q4LDG9
POMGNT1	Q8WZA1
BLNK	Q8WV28
PDCD6IP	Q8WUM4
ANO1	Q5XXA6
COQ9	O75208
PNPLA8	Q9NP80
MTO1	Q9Y2Z2
TMEM222	Q9H0R3
DNAJB13	P59910
DGAT1	O75907
AHCY	P23526
NSRP1	Q9H0G5
PUS3	Q9BZE2
FOCAD	Q5VW36
SPATA7	Q9P0W8
GATC	O43716
SLC7A14	Q8TBB6
WHRN	Q9P202
NFS1	Q9Y697
KRT25	Q7Z3Z0
CLN5	O75503
CST6	P04080
CST6	Q15828
DNAH10	Q8IVF4
NUP188	Q5SRE5
SLC24A4	Q8NFF2
COX14	Q96I36
CHST8	Q9H2A9
MMP20	O60882
MMP20	Q9NPA2
SMARCD2	Q92925
TBCK	Q8TEA7
PPA2	Q9H2U2
LMOD2	Q6P5Q4
IL2RA	P01589
NTNG2	Q96CW9
PGR	P06401
GLDN	Q6ZMI3
TYROBP	O43914
RNASET2	O00584
WIPF1	O43516
MGME1	Q9BQP7
BAAT	Q14032
YY1AP1	Q9H869
D2HGDH	Q8N465
CHRNA3	P32297
EPB42	P16452
ABCD4	O14678
PRSS12	P56730
AXL	P30530
DOCK8	Q8NF50
PRF1	P14222
DSG3	P32926
DUOXA2	Q1HG44
IFNAR1	P17181
GFER	P55789
CNTN2	Q02246
PIGK	Q92643
NARS2	Q96I59
LRRC56	Q8IYG6
FLVCR2	Q9UPI3
SUCLG1	P53597
COX6B1	P14854
DPM2	O94777
C2	P06681
TRAF3IP2	O43734
IRF9	Q00978
BCS1L	Q9Y276
TIMM22	Q9Y584
GALE	Q14376
CD4	P01730
ALG6	Q9Y672
PDP1	Q8IY26
PDP1	Q9P0J1
EPHB2	P29323
EGF	P01133
KDM5B	Q9UGL1
SIPA1L3	O60292
NCAPH	Q15003
SLC30A10	Q6XR72
FGD4	Q96M96
IMPA1	P29218
RMND1	Q9NWS8
SRD5A3	Q9H8P0
CYP27A1	Q02318
DEGS1	O15121
MDFIC	Q9P1T7
LCK	P06239
RNASEH1	O60930
RUBCN	Q92622
VAX1	Q5SQQ9
PCDH15	Q96QU1
VWA1	Q6PCB0
GYG1	P46976
SVBP	Q8N300
PUS1	Q9Y606
ODAPH	Q17RF5
TMEM147	Q9BVK8
COG2	Q14746
MYO9A	B2RTY4
C4A	P0C0L4
ACTL9	Q8TC94
GRHPR	Q9UBQ7
MARK3	P27448
IL7	P13232
IGFBP7	Q16270
AP5Z1	O43299
MYORG	Q6NSJ0
NDUFAF6	Q330K2
SLC25A32	Q9H2D1
MRPL44	Q9H9J2
CENPF	P49454
CIB1	Q99828
B4GALT1	P15291
ALAD	P13716
PTS	Q03393
SLC39A7	Q92504
UNC45A	Q9H3U1
ACAD8	Q9UKU7
LCP2	Q13094
C1QC	P02747
GIMAP5	Q96F15
SLC18A2	Q05940
PLCB1	Q9NQ66
CLN3	Q13286
CORO1A	P31146
ST14	Q9Y5Y6
TNNT1	P13805
CAPN1	P07384
F13B	P05160
FYCO1	Q9BQS8
CEP83	Q9Y592
DPYS	Q14117
CEP250	Q9BV73
TSEN54	Q7Z6J9
PRSS56	P0CW18
COX6A1	P12074
ENTPD1	P49961
PET100	P0DJ07
PCBD1	P61457
NDUFA12	Q9UI09
ATP13A2	Q9NQ11
DCLRE1B	Q9H816
KLHL40	Q2TBA0
ITGA3	P26006
CFL2	Q9Y281
MPDZ	O75970
CD40	P25942
DDX59	Q5T1V6
LMAN1	P49257
LCT	P09848
PPIL1	Q9Y3C6
GALM	Q96C23
ARG1	P05089
VARS2	P26640
VARS2	Q5ST30
TDP2	O95551
PSMC1	P62191
ADSL	P30566
CYP11B2	P19099
ADCY3	O60266
CFAP45	Q9UL16
APOC2	P02655
TMEM94	Q12767
EPS8	Q12929
TG	P01266
PIGQ	Q9BRB3
KY	Q8NBH2
CTH	P32929
CTH	Q96IQ7
CPE	P16870
GLUL	P15104
DNAL4	O96015
LAMB1	P07942
ADAMTS19	Q8TE59
GDF9	O60383
SLC25A10	Q9UBX3
LRP1	Q07954
LPIN1	Q14693
SCP2	O14595
SCP2	P22307
SCP2	Q9BX26
ALPK3	Q96L96
SLC19A1	P41440
CATSPER2	Q96P56
NDUFB8	O95169
RBCK1	Q9BYM8
GEMIN4	P57678
PDHA2	P29803
ARMC9	Q7Z3E5
MRM2	Q9UI43
TRIM36	Q9NQ86
FGB	P02675
ALDH1A2	O94788
MOGS	Q13724
CDHR1	Q96JP9
HARS2	P49590
HARS2	Q8TEA8
TXN2	Q99757
EXOSC9	Q06265
CD247	P20963
CYP1B1	Q16678
RIPK4	P57078
AKR1C4	P17516
DENND5A	Q6IQ26
HPSE2	Q8WWQ2
FMO3	P31513
TRMT5	Q32P41
LIPE	Q05469
PRUNE1	Q86TP1
MANBA	O00462
TPI1	P60174
IL2RB	P14784
KIF12	Q96FN5
RFX5	P48382
DDHD1	Q8NEL9
PRIM1	P49642
CDC40	O60508
STK36	Q9NRP7
SLC7A6OS	Q96CW6
KCNJ16	Q9NPI9
NHLRC2	Q8NBF2
SBF2	Q86WG5
CASP14	P31944
ATP5F1A	P25705
PPM1K	Q8N3J5
MYF5	P13349
CTNNA2	P26232
ALG1	Q9BT22
GCLC	P48506
LMOD3	Q0VAK6
FOLR1	P15328
FDXR	P22570
CHP1	Q99653
CHP1	Q9UHD1
USP45	Q70EL2
AARS2	Q5JTZ9
ST3GAL3	Q11203
TRIT1	Q9H3H1
DNAAF1	Q8NEP3
TPP1	O14773
TPP1	P49638
TPP1	Q96AP0
SLC13A3	Q8WWT9
ARMC2	Q8NEN0
TMEM126B	Q8IUX1
SOBP	A7XYQ1
CYP7B1	O75881
HADHB	P55084
CERKL	Q49MI3
MRPS14	O60783
IFNAR2	P48551
HR	O43593
TALDO1	P37837
NEMF	O60524
PHOX2A	O14813
SFTPB	P07988
LIPA	P38571
KLHDC8B	Q8IXV7
ZNF699	Q32M78
TYR	P14679
CEP41	Q9BYV8
SLC51A	Q86UW1
AP3D1	O14617
GLIS2	Q9BZE0
GSX2	Q9BZM3
CYB561	P49447
GAS8	O95995
NKX6-2	Q9C056
FMN2	Q9NZ56
SORD	Q00796
SGCG	Q13326
MSTN	O14793
TAPT1	Q6NXT6
KLC2	Q6P597
KLC2	Q9H0B6
EIF2B5	Q13144
TMEM126A	Q9H061
TSGA10	Q9BZW7
GUF1	Q8N442
FTO	Q9C0B1
ASS1	P00966
LRBA	P50851
MECR	Q9BV79
HGD	Q93099
GGN	Q86UU5
HPS1	Q92902
LINGO1	Q96FE5
AIMP1	Q12904
DNAH1	Q9P2D7
ACKR3	P25106
KATNB1	Q9BVA0
TRIM2	Q9C040
TUBGCP2	Q9BSJ2
DPY19L2	Q6NUT2
ANO10	Q9NW15
FBXO7	Q9Y3I1
TCHH	Q07283
PIK3R5	Q8WYR1
NEK9	Q8TD19
MPI	P34949
CLP1	O94992
CLP1	Q5KU26
CLP1	Q92989
MPC1	Q9Y5U8
AEBP1	Q8IUX7
ZNF335	Q9H4Z2
DGKE	P52429
TFR2	Q9UP52
REPS1	Q96D71
CFAP52	Q8N1V2
DUT	P33316
NR1H4	Q96RI1
ERAL1	O75616
NGLY1	Q96IV0
HPS3	Q969F9
COX20	Q5RI15
TMEM63C	Q9P1W3
MPIG6B	O95866
IL37	Q9NZH6
TACSTD2	P09758
MMP14	P50281
GRK1	Q15835
TDRD7	Q8NHU6
SLC10A2	Q12908
TTC5	Q8N0Z6
RAPSN	Q13702
SALL2	Q9Y467
CCDC32	Q9BV29
FCN3	O75636
DAG1	Q14118
PIBF1	Q8WXW3
CTU2	Q2VPK5
HEXB	P07686
KIRREL1	Q96J84
BIN1	O00499
SERPINF2	P08697
DAAM2	Q86T65
CNPY3	Q9BT09
NCKAP1L	P55160
DARS2	Q6PI48
PIGC	Q92535
ETFDH	Q16134
PGAP3	Q96FM1
MMAB	Q96EY8
RPL10L	Q96L21
CARD10	Q9BWT7
DCPS	Q96C86
TTC12	Q9H892
PITRM1	Q5JRX3
MRPS2	Q9Y399
PIGM	Q9H3S5
MASP1	P48740
POMC	P01189
POMGNT2	Q8NAT1
MED23	Q9ULK4
AK1	P00568
ACAD9	Q9H845
FADD	Q13158
LYRM7	Q5U5X0
COX15	Q7KZN9
XRCC1	P18887
VPS35L	Q7Z3J2
LACC1	Q8IV20
NDUFS7	O75251
CPSF3	Q9UKF6
GDAP2	Q9NXN4
MMACHC	Q9Y4U1
CLCNKB	P51801
DOK7	Q18PE1
CDC14A	Q9UNH5
MEGF10	Q96KG7
KCTD7	Q96MP8
ITGB2	P05107
CNTNAP1	P78357
ADAMTS13	Q76LX8
DCLRE1C	Q96SD1
CEBPE	Q15744
IL12RB1	P42701
SYNE4	Q8N205
ZMYND15	Q9H091
ZNF141	Q15928
CCDC47	Q96A33
SLC17A5	Q9NRA2
PRDM12	Q9H4Q4
MYOD1	P15172
UNC93B1	Q9H1C4
ADK	P55263
EML1	O00423
ING1	Q9UK53
BHLHA9	Q7RTU4
CAST	O15446
CAST	P20810
CFAP53	Q96M91
HIBCH	Q6NVY1
VPS37A	Q8NEZ2
GGT1	P19440
PCYT2	Q99447
SFXN4	Q6P4A7
LAT	O43561
SBF1	O95248
GTPBP3	Q969Y2
EIF2B1	Q14232
SERPINB7	O75635
CIITA	P33076
CHKB	Q9Y259
TTC19	Q6DKK2
MUSK	O15146
SNX14	Q9Y5W7
C8B	P07358
BRAT1	Q6PJG6
YRDC	Q86U90
UGP2	Q16851
DNAAF5	Q86Y56
POMK	Q9H5K3
THOC6	Q86W42
MOCS2	O96007
MOCS2	O96033
RTN4IP1	Q8WWV3
DPYD	Q12882
MYO5A	Q9Y4I1
POC1B	Q8TC44
MYO3A	Q8NEV4
PEPD	P12955
NUP62	P37198
RELT	Q969Z4
ACAT1	P24752
ACAT1	P35610
ILDR1	Q86SU0
NAXE	Q8NCW5
CD55	P08174
SGPL1	O95470
NDRG1	Q92597
SPNS2	Q8IVW8
SERPINA1	P01009
MAG	P20916
GRID2	O43424
NDUFA10	O95299
MED17	Q9NVC6
EMP2	P54851
NUBPL	Q8TB37
SPATA5L1	Q9BVQ7
TRMT1	O75648
TRMT1	Q9NXH9
FARS2	O95363
DCT	P40126
TMPRSS6	Q8IU80
ITGA8	P53708
PLCE1	Q9P212
LNPK	Q9C0E8
SLC5A1	P13866
MYL9	P24844
GUCY1A1	Q02108
TRIOBP	Q9H2D6
TDRD9	Q8NDG6
FZD6	O60353
NDUFB3	O43676
ACADVL	P49748
BRDT	Q58F21
SLC45A2	Q9UMX9
LPAR6	P43657
SPEF2	Q9C093
JAM3	Q9BX67
DNAAF3	Q8N9W5
EYS	Q5T1H1
EDC3	Q96F86
GAD1	Q99259
NKX2-6	A6NCS4
IGLL1	P15814
DUOX2	Q9NRD8
USP18	Q9UMW8
SLC25A22	Q9H936
TRMU	O75648
NDUFA9	Q16795
ABCC2	Q92887
CFAP58	Q5T655
ATP6V1B1	P15313
UGDH	O60701
GPT2	Q8TD30
DPM3	Q9P2X0
HAX1	O00165
SPG11	Q96JI7
TTLL5	Q6EMB2
IL7R	P16871
COQ7	Q99807
CC2D1A	Q6P1N0
IYD	Q6PHW0
UQCRC2	P22695
SCO1	O75880
EIF2B3	Q9NR50
ISCA2	Q86U28
MMP21	O75900
MMP21	Q8N119
SLURP1	P55000
ALG3	Q92685
EXOC7	Q9UPT5
DPM1	O60762
RSPO4	Q2I0M5
PNLDC1	Q8NA58
CYP26B1	Q9NR63
EARS2	Q5JPH6
FNIP1	Q8TF40
C2CD3	Q4AC94
ARL6IP1	Q15041
CTSC	P53634
PTGER2	P35408
PTGER2	P43116
GPSM2	P81274
PIGO	Q8TEQ8
COQ6	Q9Y2Z9
ESRP1	Q6NXG1
ZBTB42	B2RXF5
LEP	P41159
HMGCL	P35914
GPX1	P07203
NUAK2	Q9H093
FOXRED1	Q96CU9
PDE2A	O00408
MYL1	P05976
DCDC2	Q9UHG0
TRAPPC12	Q8WVT3
COL13A1	Q5TAT6
STXBP2	Q15833
GLRB	P48167
IL21R	Q9HBE5
LYST	Q99698
FA2H	Q7L5A8
ITGA6	P23229
WDR45B	Q5MNZ6
CSF2RB	P32927
ADGRG1	Q9Y653
VPS13D	Q5THJ4
VPS45	Q9NRW7
KRT85	P78386
SACS	Q9NZJ4
GAB1	Q13480
ELAC2	Q9BQ52
CPN1	P15169
CPN1	Q99829
DNAH2	Q9P225
FXN	Q16595
SMN2	Q16637
UQCC2	Q9BRT2
ATP6V0A4	Q9HBG4
ITK	Q08881
F10	P00742
F10	Q9BQ89
GRM6	O15303
DNAJC6	O75061
IGSF3	O75054
RAB5IF	Q9BUV8
RASGRP2	Q7LDG7
APTX	Q7Z2E3
BDP1	A6H8Y1
BDP1	Q99952
MCEE	Q96PE7
SQOR	Q9Y6N5
CLDN1	O95832
MDH2	P40926
NDUFB10	O96000
TBC1D2B	Q9UPU7
TENM3	Q9P273
GPNMB	Q14956
TTC21A	Q8NDW8
EXOSC1	Q9Y3B2
EXOSC8	Q96B26
PDXK	O00764
CNGB3	Q9NQW8
NDUFA6	P56556
AMPD1	P23109
BTD	P43251
RRP7A	Q9Y3A4
PLPBP	O94903
TF	P02787
TH	P07101
TSEN34	Q9BSV6
PNPO	Q9NVS9
AMT	P48728
PCK1	P35558
PMFBP1	Q8TBY8
CYC1	P08574
DNAH5	Q8TE73
NUP155	O75694
BLM	P54132
TFRC	P02786
CYB5R3	P00387
SLC44A1	Q8WWI5
ZP2	Q05996
TNIK	Q9UKE5
HSCB	Q8IWL3
RPL3L	Q92901
NEUROG3	Q9Y4Z2
SLC25A20	O43772
TMC6	Q7Z403
ACO2	Q99798
AGTPBP1	Q9UPW5
ARFGEF2	Q9Y6D5
DNASE1L3	Q13609
BSND	Q8WZ55
OCLN	Q16625
PMM2	O15305
PSMB9	P28065
UQCRFS1	P47985
PTPN23	Q9H3S7
PKD1L1	Q8TDX9
VPS13A	Q96RL7
TREM2	Q9NZC2
P2RY12	Q9H244
GBA2	Q9HCG7
LRPPRC	P42704
MRPS28	P82673
MRPS28	Q9Y2Q9
RARS2	Q5T160
NDUFS2	O75306
MIEF2	Q96C03
SEC31A	O94979
PIP5K1C	O60331
CA12	O43570
FTCD	O95954
SYCE1	Q8N0S2
ATG7	O95352
VWA3B	Q502W6
PRKACG	P22612
COG8	Q96MW5
ZFYVE26	Q68DK2
RNF212	Q495C1
SLC34A2	O95436
CCBE1	Q6UXH8
PLAA	Q9Y263
ATCAY	Q86WG3
AGTR1	P30556
NDUFAF1	Q9Y375
C7	P10643
SYCP2	Q9BX26
CERS1	P27544
CISD2	Q8N5K1
COQ5	Q5HYK3
SNIP1	Q8TAD8
TSFM	P43897
PRKCD	Q05655
TNFRSF10B	O14763
CCDC40	Q4G0X9
ATIC	P31939
AURKC	Q9UQB9
SERPINF1	P36955
MAN2C1	Q9NTJ4
ERLIN1	O75477
DMGDH	Q9UI17
FLAD1	Q8NFF5
POPDC3	Q9HBV1
TECRL	Q5HYJ1
CBX2	Q14781
FECH	P22830
GYS1	P13807
SLC5A6	Q9Y289
STAG3	Q9UJ98
IRX5	P78411
MBOAT7	Q96N66
TUFM	P49411
NDUFS1	P28331
MCM5	P33992
GLRX5	Q86SX6
SURF1	Q15526
CLDN9	O95484
CXCR2	P25025
CD320	Q9NPF0
RPIA	P49247
NPC1	O15118
AMHR2	Q16671
MYD88	Q99836
SCNM1	Q9BWG6
MCFD2	Q8NI22
ABCG5	Q9H222
MRPS34	P82930
DHX38	Q92620
MAGI2	Q86UL8
LRPAP1	P30533
PSMC3	P17980
PYGM	P11217
HEPHL1	Q6MZM0
PXDN	Q92626
ACBD5	Q5T8D3
FGF5	P12034
PDSS1	Q5T2R2
HYLS1	Q96M11
OXR1	Q8N573
EPS8L2	Q9H6S3
NPC2	P61916
AGBL5	Q8NDL9
CCDC115	Q96NT0
VPS51	Q9UID3
SFRP4	Q6FHJ7
PCDH12	Q9NPG4
P3H2	Q8IVL5
AGK	Q53H12
LIMS2	Q7Z4I7
DNAJC12	Q9UKB3
COX16	Q9P0S2
ATP7B	P35670
SLC25A1	P53007
XPNPEP3	Q9NQH7
PTPRF	P10586
SLC25A21	Q9BQT8
VPS33A	Q96AX1
RCBTB1	Q8NDN9
NTHL1	P78549
BLOC1S6	Q9UL45
LHFPL5	Q8TAF8
GEMIN5	Q8TEQ6
PRDM5	Q9NQX1
COA5	Q86WW8
TOR1AIP1	Q5JTV8
AMACR	Q9UHK6
SPEG	Q15772
TBXAS1	P24557
ZMYND10	O75800
CLEC7A	Q9BXN2
RFXAP	O00287
MCCC1	Q96RQ3
PCK2	Q16822
MEI1	Q5TIA1
CD8A	P01732
ZNF526	Q8TF50
HLCS	P50747
ABHD12	Q8N2K0
GOSR2	O14653
SGSH	P51688
SLC30A9	Q6PML9
DHODH	Q02127
CPAMD8	Q8IZJ3
DRAM2	Q6UX65
DNMBP	Q6XZF7
NGF	P01138
SLC12A3	P55017
CLIC5	Q9NZA1
TREH	O43280
HSD3B2	P26439
TSEN15	Q8WW01
LRMDA	Q9H2I8
MS4A1	P11836
FASTKD2	Q9NYY8
EPM2A	B3EWF7
EPM2A	O95278
ENO3	P13929
PFKM	P08237
CEP78	Q5JTW2
SLC26A5	P58743
COQ8A	Q8NI60
CCT5	P48643
SLC9A3	P48764
TPMT	P51580
ZNF341	Q9BYN7
FBP1	P09467
COQ8B	Q96D53
TYK2	P29597
NT5E	P21589
MMADHC	Q9H3L0
LRRC32	Q14392
HGF	P14210
RFC1	P35251
RFC1	P41440
PRICKLE1	Q96MT3
APRT	P07741
ALG11	Q2TAA5
TGM3	Q08188
HINT1	P49773
LIAS	O43766
ASCC1	Q8N9N2
FLVCR1	Q9Y5Y0
SMOC2	Q9H3U7
NDUFA8	P51970
SLC11A2	P49281
ASPA	P45381
AMN	Q9BXJ7
ATOH7	Q8N100
CARS2	Q9HA77
TUB	P50607
CHST6	Q9GZX3
ATAD1	Q8NBU5
OTOF	Q9HC10
CSTA	P01040
ATPAF2	Q8N5M1
F7	P08709
SGCA	Q16586
ADAM22	Q9P0K1
QRSL1	Q9H0R6
CD79A	P11912
UFM1	P61960
CDK5	Q00535
CACNA2D4	Q7Z3S7
NDUFS8	O00217
G6PC3	Q9BUM1
BCKDHB	P21953
ABCA2	Q9BZC7
TFAM	Q00059
GCGR	P47871
NME5	P56597
MTPAP	Q9NVV4
DNAH11	Q96DT5
IDH3B	O43837
STX11	O75558
ASTL	Q6HA08
PNLIP	P16233
PMPCB	O75439
SERPINB6	P35237
PLCZ1	Q86YW0
RORC	P51449
RDX	P35241
SLC45A1	Q9Y2W3
SERPINB8	P50452
EN1	Q05925
GNB3	P16520
MED27	Q6P2C8
DLD	P09622
IL10RB	Q08334
TBX21	Q9UL17
TMPRSS3	P57727
TMPRSS3	Q9NRS4
CWF19L1	Q69YN2
PAX7	P23759
MNS1	Q8NEH6
TTC7A	Q9ULT0
NDUFA11	Q86Y39
NUP160	Q12769
ZPBP	Q9BS86
GLDC	P23378
GAA	P10253
ST3GAL5	Q9UNP4
C1QBP	Q07021
SPG21	Q9NZD8
DNAJC19	Q96DA6
TRAPPC2L	Q9UL33
WDR72	Q3MJ13
VRK1	Q99986
CYP4V2	Q6ZWL3
DZIP1L	Q8IYY4
PLD1	Q13393
ALDH6A1	Q02252
CTPS1	P17812
SGCB	Q16585
BCHE	P06276
SLC38A8	A6NNN8
C8A	P07357
B4GALNT1	Q00973
TLE6	Q9H808
NHLH2	Q02577
FAM161A	Q3B820
CAD	O76075
CAD	P27708
CAD	Q05682
TNFRSF4	P43489
ATG5	Q9H1Y0
CCDC174	Q6PII3
HPS5	Q9UPZ3
PPCS	Q9HAB8
IFNGR2	P38484
LRTOMT	Q8WZ04
LRTOMT	Q96E66
DNAI2	Q9GZS0
TAF2	Q6P1X5
ZNFX1	Q9P2E3
DNASE2	O00115
CD59	P13987
LIPH	Q8WWY8
MDH1	P40925
LHB	P01229
PCSK1	P29120
NT5C2	P49902
ZC3H14	Q6PJT7
MC1R	Q01726
OTOA	Q7RTW8
SP110	Q9HB58
PDZD8	Q8NEN9
RASGRP1	O95267
GATB	O75879
FBXL4	Q9UKA2
KHDC3L	Q587J8
DOCK2	Q92608
OAT	P04181
NSMCE3	Q96MG7
ATP5F1E	P56381
ATF6	P18850
AVIL	O75366
TRAPPC4	Q9Y296
REC114	Q7Z4M0
CACNA2D2	Q9NY47
GALC	P54803
SUOX	P51687
COX4I2	Q96KJ9
ALDH5A1	P51649
MASP2	O00187
TMEM138	Q9NPI0
TUSC3	Q13454
HPCA	P84074
SLC35A3	Q9Y2D2
FERMT1	Q9BQL6
FEZF1	A0PJY2
MLPH	Q9BV36
GRXCR2	A6NFK2
CHAT	P28329
NECTIN1	Q15223
ZFYVE19	Q96K21
NUP88	Q99567
PIGF	Q07326
ALDOB	P05062
IRAK4	Q9NWZ3
RIMS2	Q9UQ26
OTOG	Q6ZRI0
PHYH	O14832
TAT	P17735
HSD17B3	P37058
SLC27A4	Q6P1M0
XDH	P47989
MLC1	P12829
MLC1	Q15049
TRPM6	Q9BX84
VPS50	Q96JG6
ANO6	Q4KMQ2
UNC13D	Q70J99
ALKBH8	Q96BT7
ADAMTS3	O15072
NAA20	P61599
MCOLN1	Q9GZU1
ADAMTS18	Q8TE60
MEIOB	Q8N635
EIF2B2	P49770
TASP1	Q9H6P5
ESRRB	O95718
COLGALT1	Q8NBJ5
SCARF2	Q96GP6
SPAG1	Q07617
HKDC1	Q2TB90
NRROS	Q86YC3
KLK4	Q9Y5K2
TOE1	Q96GM8
PLA2G4A	P47712
ZNF142	P52746
OTOGL	Q3ZCN5
RSRC1	Q96IZ7
ACOX2	Q99424
HFM1	A2PYH4
TCN2	P20062
LRRK1	Q38SD2
MCM10	Q7L590
KLKB1	P03952
DNAH9	Q9NYC9
NFU1	Q9UMS0
AHI1	Q8N157
UQCRH	P07919
RHOH	Q15669
DNAJB2	P25686
CCNO	P22674
NDUFAF3	Q9BU61
CCDC141	Q6ZP82
CD70	P32970
M1AP	Q8TC57
IQCE	Q6IPM2
NDUFS6	O75380
C1QA	P02745
NDUFV1	P49821
CLDN16	Q9Y5I7
MCCC2	Q9HCC0
GPR68	Q15743
GIPC3	Q8TF64
TMIE	Q8NEW7
ERCC6L2	Q5T890
MIPEP	Q99797
HOXC13	P31276
ROR1	Q01973
SLITRK6	Q9H5Y7
RSPO1	Q2MKA7
COL25A1	Q9BXS0
CD36	P16671
RGS9	O75916
HPS4	Q9NQG7
MPDU1	O75352
TENT5A	Q96IP4
PRKRA	O75569
KREMEN1	Q96MU8
TRPM1	Q7Z4N2
ARL13B	Q3SXY8
LRIG2	O94898
PPIP5K2	O43314
POLH	O75417
POLH	Q9Y253
SLC2A10	O95528
CCDC65	Q8IXS2
SPINT2	O43291
NDUFAF4	Q9P032
TBCD	Q9BTW9
SARS2	Q9NP81
HYDIN	Q4G0P3
SLC24A5	Q71RS6
KIAA1549	Q9HCM3
GALNT3	Q14435
PDHB	P11177
NSUN3	Q9H649
MRPS16	Q9Y3D3
LRP2	P98164
SCYL1	Q96KG9
QRICH2	Q9H0J4
CD81	P60033
EMC10	Q5UCC4
CYBA	P13498
CNTNAP2	Q9UHC6
QDPR	P09417
TPRN	Q4KMQ1
ISCA1	Q9BUE6
DTNBP1	Q96EV8
PGAP2	Q9UHJ9
CA5A	P35218
PSMG2	Q969U7
TTC29	Q8NA56
GFM2	Q969S9
HAMP	P81172
ASPH	Q12797
CSTB	P04080
BPGM	P07738
MPZL2	O60487
MYO15A	Q9UKN7
TSHB	P01222
L2HGDH	Q9H9P8
TMEM199	Q8N511
SLC6A3	Q01959
CDAN1	Q8IWY9
BOLA3	Q53S33
METTL23	Q86XA0
CCDC39	Q9UFE4
ECM1	Q16610
GP6	Q9HCN6
NUP205	Q92621
AGXT	P21549
IVD	P26440
LGI4	Q8N135
LINS1	Q8NG48
DNAAF2	Q9NVR5
SLC25A15	Q9Y619
CFAP70	Q5T0N1
PSMB4	P28070
PLOD3	O60568
SLC25A3	Q00325
RAB28	P51157
COPB1	P53618
ITPR2	Q14571
PIGP	P57054
ABHD16A	O95870
LDHA	P00338
MAB21L1	Q13394
TET2	Q6N021
PIGS	Q96S52
ALB	P02768
ALB	Q8TES7
NDUFB9	Q9Y6M9
NAXD	Q8IW45
CFAP69	A5D8W1
CYP21A2	P08686
CYP11A1	P05108
STAT6	P42226
NDP	Q00604
ANOS1	P23352
COL4A5	P29400
DMRT3	Q9NQL9
NR0B1	P51843
MYC	P01106
WNT9B	O14905
FIGLA	Q6QHK4
DMRT1	Q9Y5R6
RAD51D	O75771
FLT1	P17948
VAMP7	P51809
AXIN1	O15169
COL4A6	Q14031
NAB2	Q15742
STOX1	Q6ZVD7
MAMLD1	Q13495
KEAP1	Q14145
EWSR1	Q01844
GREM1	O60565
HS6ST2	Q96MM7
KPNA3	O00505
ISL1	P61371
DLG3	Q13368
DLG3	Q92796
DNAJC13	O75165
CRH	P06850
PDCD1	Q15116
DKK1	O94907
HLA-B	P01889
SLC9A6	Q92581
NEXMIF	Q5QGS0
JRK	O75564
UBE2A	P49459
MYF6	P23409
GABRA3	P34903
MSN	P26038
PAH	P00439
GSTM3	P21266
CLDN2	P57739
PRTN3	P24158
HLA-DPB1	P04440
COL14A1	Q05707
DCTN4	Q9UJW0
ADGRG2	Q8IZP9
CLCA4	Q14CN2
HLA-DPA1	P20036
SLC11A1	P49279
SLC26A9	Q7LBE3
CEACAM3	P40198
CEACAM6	P40199
UBA1	P22314
CLCN4	P51793
CDKL5	O76039
MAPK10	P53779
ARHGEF9	O43307
PCDH19	Q8TAB3
ALG13	Q9NP73
CFAP47	Q6ZTR5
DAZ1	Q9NQZ3
GCNA	Q96QF7
USP9Y	O00507
RBMY1A1	P0DJD3
TEX11	Q8IYF3
CFAP221	Q4G0U5
DDX3Y	O15523
DAZ2	Q13117
KDM5D	Q9BY66
RPGR	Q92834
TSPY1	Q01534
NDUFA1	O15239
PLAGL1	Q9UM63
NTNG1	Q9Y2I2
OPHN1	O60890
GRB10	Q13322
SIM1	P81133
OGT	O15294
PHF8	Q9UPP1
KLHL15	Q96M94
RBM10	P0DW28
RBM10	P98175
BRWD3	Q6RI45
ZIC3	O60481
IL10	P22301
IL23R	Q5VWK5
RBMX	P38159
IFT88	Q13099
CLIC2	O15247
UBAC2	Q8NBM4
RP2	O75695
IL1RAPL1	Q9NZN1
SSR4	P51571
STAT4	Q14765
ERAP1	Q9NZ08
DCX	O43602
TLR4	O00206
CA4	P22748
ATP6AP2	O75787
IL12A	P29459
CCR1	P32246
REV3L	O60673
PLXND1	Q9Y4D7
ITGA2	P17301
CLCNKA	P51800
CAMKMT	Q7Z624
PGK1	P00558
HIC1	Q14526
CD2AP	Q9Y5K6
NUMA1	Q14980
GPKOW	Q92917
GPR35	Q9HC97
ANKFY1	Q9P2R3
SPP1	P10451
SPP1	Q9BX95
RARA	P10276
NABP1	Q96AH0
WAS	P42768
F8	P00451
OGG1	O15527
RNF139	Q8WU17
IRAK1	P51617
TBC1D8B	Q0IIM8
IL2RG	P31785
GAPVD1	Q14C86
PBRM1	Q86U86
TFE3	P19532
PDHA1	P08559
SEMA4D	Q92854
FOXP3	Q9BZS1
MAGED2	Q9UNF1
PPM1B	O75688
ADAMTSL1	Q8N6G6
TRIM28	Q13263
ACSL4	O60488
POU3F4	P49335
CD109	Q6YHK3
FIP1L1	Q6UN15
APOL1	O14791
ZNF592	Q92610
SAA1	P0DJI8
PML	P29590
IRF5	Q13568
ITPR3	Q14573
ZBTB16	Q05516
CCR6	O00421
CCR6	P51684
MST1	P26927
MST1	Q13043
ARHGAP24	Q8N264
USP48	Q86UV5
C2CD6	Q53TS8
ZNRF3	Q9ULT6
DIAPH2	O60879
POF1B	Q8WVV4
PODXL	O00592
IRF4	Q15306
TBL1X	O60907
SLC2A3	P11169
LIN28B	Q6ZN17
DMD	P11532
SLCO1B1	Q9Y6L6
PHKA1	P46020
IL1B	P01584
DCXR	Q7Z4W1
ALK	Q9UM73
OTC	P00480
HAL	P42357
TOP2A	P11388
HSD17B10	Q99714
ATP11C	Q8NB49
SARDH	Q9UL12
KHK	P50053
G6PD	P11413
SLCO1B3	Q9NPD5
LMO1	P25800
ELF4	Q99607
ADORA2A	P29274
GNA14	O95837
SUMO1	P63165
DDX3X	O00571
SASH3	O75995
TSPOAP1	O95153
SLC9A7	Q96T83
UBB	P0CG47
EMD	P50402
TNFSF12	O43508
FHL1	Q13642
TAF1	P21675
XIAP	P98170
EDA	Q92838
CYBB	P04839
TSPAN7	P41732
IGFALS	P35858
EPHA4	P54764
ARHGAP29	Q52LW3
SIN3B	O75182
CD28	P10747
UNC13A	Q9UPW8
FRMPD4	Q14CM0
NIPA2	Q8N8Q9
DAO	P14920
DLG1	Q12959
TNFRSF1B	P20333
NHS	Q6T4R5
BCAP31	P51572
TRAF6	Q9Y4K3
MSL3	Q8N5Y2
ZNF711	Q9Y462
CIZ1	Q9ULV3
PON2	Q15165
HLA-DRA	P01903
DISC1	Q9NRI5
MID2	Q9UJV3
MAGT1	Q9H0U3
BCORL1	Q5H9F3
KCNJ8	Q15842
LRIF1	Q5T3J3
C4B	P0C0L5
CBY1	Q9Y3M2
SH3KBP1	Q96B97
FTSJ1	Q9UET6
GLT8D1	Q68CQ7
EOMES	O95936
TLR8	Q9NR97
CD40LG	P29965
TRAF3	Q13114
NHEJ1	Q9H9Q4
PPARGC1A	Q9UBK2
ANKRD55	Q3KP44
CLTCL1	P53675
EDA2R	Q9HAV5
PON1	P27169
SYN1	P17600
UBQLN2	Q9UHD9
BIRC3	Q13489
TGFA	P01135
ATP6AP1	Q15904
GYPC	P04921
EPOR	P19235
NLGN4X	Q8N0W4
PTPN2	P17706
PON3	Q15166
TLR7	Q9NYK1
SH2D1A	O60880
RHOA	P61586
GPRASP2	Q96D09
KIF4A	O95239
IMPDH2	P12268
XPNPEP2	O43895
AK9	Q5TCS8
ATP10A	O60312
DRD2	P14416
CSF2RA	P15509
NFKBIL1	Q9UBC1
CD244	Q9BZW8
SLC22A4	Q9H015
F9	P00740
IGSF1	Q8N6C5
BCKDK	O14874
DAXX	Q9UER7
ATP2B3	Q16720
ARSI	Q5FYB1
MMEL1	Q495T6
HLA-C	P10321
BTRC	Q9Y297
WNT3A	P56704
XK	P51811
LAMP2	P13473
TNFSF15	O95150
ZFR	Q96KR1
RNF6	Q9Y252
VMA21	Q3ZAQ7
NR4A3	Q92570
HAND2	P61296
KANK1	Q14678
CPA1	P15085
KLHL9	Q9P2J3
ASCL1	P50553
FLRT1	Q9NZU1
DPP9	Q86TI2
ACAT2	O75908
ACAT2	Q9BWD1
SMPX	Q9UHP9
PDK3	Q15120
SORL1	Q92673
FOXO1	Q12778
GJB1	P08034
TMPO	P42166
TMPO	P42167
DLX6	P56179
SEM1	P60896
SEM1	Q6ZVN7
FGF16	O43320
GDI1	P31150
CEP126	Q9P2H0
TAF1A	Q15573
FAM13A	O94988
EPS15L1	Q9UBC2
IFRD1	O00458
TIMM8A	O60220
KIAA0319L	Q8IZA0
TOMM40	O96008
ANKRD1	Q15327
CAP2	P40123
PTCHD1	Q96NR3
ALAS2	P22557
POU2AF1	Q16633
AMPD3	Q01432
HLA-A	P04439
WDR48	Q8TAF3
FHL2	Q14192
FBXW4	P57775
MLX	Q9UH92
DLEC1	Q9Y238
FRZB	Q92765
ABCB7	O75027
TBL1Y	Q9BQ87
GLRA2	P23416
RHCE	P18577
UCP2	P55851
IGF2R	P11717
RHD	Q02161
SF3B1	O75533
CYP7A1	P22680
P2RY11	Q96G91
GPR143	P51810
NYX	Q9GZU5
CYSLTR2	Q9NS75
WDR36	Q8NI36
CTSH	P09668
ARR3	P36575
PRICKLE3	O43900
TERF2IP	Q9NYB0
CHM	P24386
CACNA1F	O60840
FRMD7	Q6ZUT3
ZNF365	Q70YC4
ZNF365	Q70YC5
TGFBR3	Q03167
RS1	O15537
CHRDL1	Q9BU40
ANGPTL6	Q8NI99
TNFSF4	P23510
NTF4	P34130
MGMT	P16455
NLGN3	Q9NZ94
FCGR3B	O75015
EMX2	Q04743
FKBP5	Q13451
ADH1B	P00325
PLEKHG4	Q58EX7
SYP	P08247
BCL6	P41182
BCL2	P10415
TMLHE	Q9NVH6
NUTM1	Q86Y26
NOS1	P29475
NOS1	Q8WY41
MAOA	P21397
PRKCH	C0HM02
PRKCH	P24723
ALOX5AP	P20292
ZFAT	Q9P243
SERPINA12	Q8IW75
PTPN3	P26045
DDIT3	P0DPQ6
DDIT3	P35638
SLMAP	Q14BN4
SLC4A3	P48751
CFP	P27918
ADD1	P35611
CYP3A5	P20815
TAL1	P17542
PTGIS	Q16647
TAL2	Q16559
CREB1	P16220
C1GALT1C1	Q96EU7
RPS14	P62263
ASPSCR1	Q9BZE9
LZTS1	Q9Y250
SSX2	Q16385
MSR1	P21757
SSX1	Q16384
CTHRC1	Q96CG8
HBD	P02042
APOC3	P02656
CETP	P11597
SMAD7	O15105
ABCB1	P08183
IRGM	A1A4Y4
