"gene","StringCombined"
"DPM1",2
"CFH",0
"GCLC",1
"LAS1L",1.59184889471489
"CFTR",8
"KRIT1",5
"MAD1L1",4
"CYP26B1",5
"ALS2",1
"CASP10",1
"PLXND1",0
"AK2",2
"KDM1A",8
"VPS50",0
"ZMYND10",1
"ARX",1.59184889471489
"SLC25A13",0
"SLC4A1",1
"CALCR",3
"HCCS",1.59184889471489
"HOXA11",4
"MEOX1",0
"LIG3",0
"MSL3",1.59184889471489
"CREBBP",8
"TSPOAP1",0
"MPO",1
"PON1",0
"ABCB4",1
"KMT2E",1
"FBXL3",0
"ITGA3",8
"LAMP2",1.59184889471489
"ITGA2B",8
"CRLF1",1
"TMEM98",0
"ABCC8",5
"CACNA1G",4
"DLX6",4
"RALA",7
"AGK",0
"USH1C",0
"TBXA2R",5
"IFRD1",1
"COX10",0
"GTF2IRD1",1
"VPS41",1
"ELAC2",1
"PROM1",8
"PAFAH1B1",8
"DNAH9",8
"CD79B",3
"SCN4A",3
"PAX6",8
"CACNA2D2",3
"PIGQ",0
"FMO3",0
"PSMB1",3
"SYN1",1.59184889471489
"CDKL5",1.59184889471489
"TFAP2B",1
"DLEC1",0
"ADAM22",0
"CYB561",0
"AASS",0
"CRY1",2
"NFIX",2
"PKD1",8
"RHOBTB2",3
"RPS20",7
"REV3L",2
"PAX7",8
"MASP2",0
"IYD",0
"POMT2",1
"MLXIPL",0
"BAZ1B",0
"SPRTN",0
"METTL13",0
"UQCRC1",0
"NCAPD2",3
"FUZ",1
"IDS",1.59184889471489
"CD4",6
"BTK",1.59184889471489
"HFE",0
"HIVEP2",0
"CLCN6",0
"MKS1",0
"ABHD5",1
"ANOS1",1.59184889471489
"RNF216",0
"TTC19",0
"LARS2",1
"PIK3C2A",2
"ANLN",3
"DCN",8
"TYROBP",3
"GABRA3",1.59184889471489
"BRCA1",8
"ERCC1",1
"MBTPS2",1.59184889471489
"PRICKLE3",1.59184889471489
"EXTL3",1
"NR1H4",1
"ELOVL5",0
"ALOX5",0
"KDM5D",1.59184889471489
"UBR7",0
"SLC7A14",1
"CLDN11",1
"PGM3",0
"POLR3B",3
"DDX11",1
"MAMLD1",1.59184889471489
"CAPN1",6
"MDH1",2
"SLC30A9",2
"COX15",0
"CCDC88C",2
"ZMYND11",1
"WAS",1.59184889471489
"MATR3",0
"XYLT2",1
"ISL1",8
"CLCA4",0
"GLT8D1",0
"ATP2C1",0
"IGF1",8
"CNTN1",4
"SLC11A1",2
"AGPS",1
"ATP1A2",1
"CYP24A1",0
"SNAI2",8
"HGF",8
"NCDN",0
"MRE11",3
"SLC7A9",0
"SPAST",2
"CPS1",6
"C8B",0
"FHL1",1.59184889471489
"GABRA1",2
"NDUFS1",0
"RB1CC1",2
"BIRC3",7
"ABCC2",1
"DEF6",0
"TYMP",1
"SEC63",2
"VIM",8
"FAS",3
"RNASET2",1
"MIPEP",1
"PRKCH",2
"IFNGR1",4
"B4GALT7",2
"TNFRSF1B",1
"ANK1",2
"HMGB3",1.59184889471489
"NUP160",5
"MUSK",3
"GRN",3
"ARHGAP31",1
"PNPLA6",2
"IFT88",4
"ALG1",0
"ZCCHC8",0
"FUT8",1
"ATP6V0A1",0
"PEX3",0
"MYOC",1
"VCL",8
"RFC1",0
"TBC1D23",0
"CUL3",6
"OTC",1.59184889471489
"CASR",8
"FLT4",8
"NSUN2",7
"AGA",1
"TLL1",2
"TRIO",6
"VCAN",4
"MSR1",0
"CDH1",8
"DNAH5",6
"C6",0
"PNKP",1
"CTNS",0
"RTN4R",6
"TNC",5
"TDP1",0
"SPATA7",0
"MED17",4
"AP2S1",5
"USH2A",0
"ZPBP",0
"TG",3
"ZIC2",8
"LCP2",5
"TRIT1",0
"CUL7",1
"CTNNA1",8
"PHKA2",1.59184889471489
"DSG2",2
"OFD1",1.59184889471489
"WDR37",1
"CP",0
"DTNBP1",0
"XK",1.59184889471489
"CC2D2A",0
"RRM2B",0
"GUCA1A",1
"VPS13D",0
"CELF2",1
"COL9A2",8
"KITLG",8
"ERCC8",2
"H6PD",1
"PER3",0
"LTBP1",3
"ELN",3
"RFC2",3
"ARID1B",3
"NEDD4L",8
"FOXP3",1.59184889471489
"HEXB",0
"NEXMIF",1.59184889471489
"LAMC3",1
"RAD51",7
"CYBA",1
"MSMO1",0
"ALX4",6
"LAMA3",2
"KCNQ1",7
"SDCCAG8",2
"HHAT",2
"KIF1B",5
"FOXC1",5
"SYNE2",3
"RELT",0
"GALC",0
"KCNH2",6
"CYFIP2",1
"TAB2",8
"EIF2AK2",3
"KMT2C",1
"ZFR",0
"TRAF3IP2",0
"PKP2",2
"MSH4",1
"F7",3
"ATG5",5
"LAMC2",2
"SEC61A1",4
"PPP1R12A",8
"CAMK2B",8
"TBXAS1",0
"ALDH18A1",3
"GATB",0
"SLC2A3",2
"CTDP1",2
"WNK1",2
"CREB3L3",4
"PIGV",0
"COL11A1",8
"MPC1",0
"LZTS1",1
"PRDM6",2
"CDH3",6
"ELMO2",0
"POLD1",2
"BICRA",0
"RPL18",7
"CASP8",6
"DLX3",8
"DMRT3",3
"CDON",3
"TAF2",0
"TNPO3",0
"RFXANK",0
"CTSA",0
"SLC12A2",1
"ABCA7",2
"SNCAIP",2
"POU1F1",5
"PMS1",1
"CALCRL",1
"AP3D1",0
"NTHL1",0
"GNAI3",8
"OAT",0
"NTN1",5
"MCM10",1
"ERBB3",8
"SPEN",8
"MYLK",6
"COL17A1",8
"CDK13",3
"SLC9A7",1.59184889471489
"CTNNA2",7
"TIE1",3
"DIP2B",0
"SMARCD1",6
"SLC9A3",3
"ASPM",1
"ELOVL1",0
"SPI1",8
"ZBTB11",1
"ATXN3",3
"FGFR2",8
"EML1",0
"THUMPD1",3
"ARFGEF1",4
"ZFAT",0
"STAG3",4
"FECH",0
"MYO9A",0
"DDX3Y",1.59184889471489
"KLF6",4
"PHKA1",1.59184889471489
"TNFRSF1A",6
"RHOA",8
"PRKCZ",8
"IARS2",1
"SYT1",6
"ROGDI",0
"ATP2B3",1.59184889471489
"PDK3",1.59184889471489
"HDAC4",8
"FGFR3",8
"COASY",0
"MEF2A",8
"OTUD5",1.59184889471489
"TFE3",1.59184889471489
"ACSL4",1.59184889471489
"GPKOW",1.59184889471489
"FTSJ1",1.59184889471489
"REEP1",1
"ATP11A",0
"POLR1A",3
"TTC7A",0
"KIF2A",4
"RASGRP2",4
"IFT80",0
"PYGM",2
"PITX1",7
"NUP133",8
"VPS35",2
"KCNAB2",2
"ABCC9",2
"GAL",2
"RORA",6
"DRD4",6
"TGFBR3",5
"PIGB",0
"GNB5",8
"RAB27A",0
"UFD1",0
"LRP6",7
"GUCY2C",5
"ELP1",3
"PTPN3",0
"SPTB",2
"FGF10",8
"SLC44A1",0
"TMEM260",0
"CLTCL1",4
"DGCR2",0
"GBA2",0
"NDST1",3
"ASNS",1
"CNGB1",1
"CHAT",3
"EIF2B3",0
"CAMK2A",8
"TCOF1",2
"CDC42",8
"SLC12A3",1
"ATP2B1",7
"RPL31",6
"WDR1",1
"BUD23",0
"TRIP13",1
"ATP6AP1",1.59184889471489
"TCF3",8
"FAM50A",1.59184889471489
"CPSF1",0
"RDH11",0
"PRKACA",8
"ADGRL1",0
"ACTN1",8
"ZFYVE26",0
"LIMS2",0
"SPEG",1
"ALDH3A2",0
"TFRC",1
"SREBF1",8
"AFF4",0
"SMC1A",1.59184889471489
"HSD17B10",1.59184889471489
"HMMR",4
"P4HA2",1
"FCGR2B",1
"TRNT1",1
"ACADVL",0
"FBXW11",7
"EVC",1
"NDE1",5
"XRCC1",1
"MCM2",4
"MOV10L1",1
"TP63",8
"ALPK1",0
"CLCN4",1.59184889471489
"SDHA",1
"SMARCE1",4
"ABCB11",0
"IGF2BP2",3
"TBX21",8
"PICALM",3
"NSF",4
"GLI2",8
"MRPS34",0
"NOTCH3",8
"EED",3
"SNCB",1
"CA12",1
"BCS1L",1
"SLC24A1",0
"LMAN1",1
"SLC12A1",2
"KCNQ2",7
"NUP37",5
"SEMA3A",1
"SEMA3C",1
"ACAT1",0
"CELSR1",4
"MARK3",2
"SLC25A3",0
"ACTB",8
"MOCOS",0
"PLD1",3
"WDR62",1
"DLG1",8
"RAB7A",7
"TUBA3D",8
"PAX2",8
"MCM6",2
"PTPN23",5
"MLH1",8
"UNG",1
"SLC46A1",0
"NT5C2",2
"GPC4",1.59184889471489
"ARHGEF1",2
"STXBP2",2
"ACTL6B",7
"RARB",5
"NFKB2",3
"UBE2T",0
"IL4R",4
"PAK3",1.59184889471489
"DCX",1.59184889471489
"EXOSC5",0
"DYNC1I2",3
"TYR",2
"ACTN2",8
"UBE2A",1.59184889471489
"FGFR1",8
"FKBP6",0
"FBLN1",3
"ITGA8",8
"MCCC1",1
"ACER3",0
"TULP3",0
"GNB1",8
"EDN1",8
"MLLT10",1
"FGF20",8
"ITCH",8
"TP73",8
"SLC1A3",3
"CDC14A",3
"CIC",0
"LIPE",3
"FDFT1",1
"OPHN1",1.59184889471489
"KIF22",5
"PGM1",1
"DNM2",8
"RIMS1",3
"KEAP1",6
"DCT",3
"SLC4A4",0
"SMARCA2",8
"MID2",1.59184889471489
"SRCAP",5
"CHRNA3",0
"KCNN2",2
"PSEN1",8
"CPOX",2
"AP4E1",0
"AFP",1
"COL4A4",8
"OSTM1",0
"IMPG2",0
"MEF2C",8
"PTPRC",8
"CACNA1S",8
"PKP1",2
"UBA5",0
"LRP2",2
"ATP8B1",0
"FYB1",2
"PGR",8
"DLG3",1.59184889471489
"GEMIN5",2
"RNF13",0
"PALB2",1
"BCKDHB",1
"KAT6A",4
"GRHL2",6
"PLOD1",5
"PIBF1",0
"OXCT1",2
"CYLD",3
"CHMP2B",2
"ZMPSTE24",0
"STARD7",0
"REST",0
"HAL",0
"WBP11",0
"APOB",7
"AGBL5",0
"HADHA",0
"CAD",8
"CD59",1
"BCORL1",1.59184889471489
"ATRX",1.59184889471489
"MECOM",5
"HACE1",1
"SLC25A24",0
"ABCB1",2
"DDHD2",0
"ORC1",4
"POMGNT1",0
"RAD54L",1
"B4GALT1",2
"EIF2AK1",0
"NME8",0
"SNX10",1
"CEACAM6",0
"FAT2",0
"HUWE1",1.59184889471489
"ALG9",0
"MTMR2",0
"FTL",0
"BAX",8
"PIGS",0
"ADAMTS2",1
"CETP",0
"MMP2",8
"GNAO1",8
"SH3BP2",2
"ADD1",4
"L2HGDH",1
"SF3B2",8
"GNAS",8
"DNM1L",3
"PTHLH",8
"AURKA",8
"SULT2B1",0
"ALG6",0
"CNOT3",0
"GP6",0
"GNA11",8
"DNMT3B",3
"EPB41L1",1
"TGDS",0
"DOCK3",2
"COQ9",0
"SLC4A11",2
"F11",2
"KIZ",1.59184889471489
"MAPKAPK5",0
"TASP1",1
"OAS1",2
"TBX5",8
"NOS1",8
"FUS",8
"IGBP1",1.59184889471489
"GANAB",1
"NECAP1",0
"LTBP4",1
"SLC9A1",3
"SPTLC1",2
"CCNK",0
"LYZ",5
"SI",1
"SPG21",0
"DNAJB11",0
"P3H2",3
"THPO",3
"GNPTG",0
"MCOLN1",4
"USP48",1
"EFNB1",1.59184889471489
"KIF4A",1.59184889471489
"TNRC6A",1
"PLEKHG2",1
"DLL3",4
"NLRC4",1
"PUS7",1
"NRCAM",1
"LAMB1",1
"SLC26A4",3
"SLC26A3",2
"DLD",0
"ABCC6",1
"ITGA6",8
"MAP3K20",3
"SMPX",1.59184889471489
"FH",3
"TF",5
"MYO15A",0
"NLRP1",0
"PITPNM3",1
"ORC6",2
"ZFHX4",4
"CPA1",0
"ESR1",8
"ANGPT2",8
"PPP2R3C",4
"MYH7",8
"CEBPE",1
"OSGEP",0
"RPGRIP1",0
"SUPT16H",8
"TGM1",3
"TINF2",2
"TBL1Y",1.59184889471489
"TRPM7",5
"CAPN3",2
"TBX15",0
"PHGDH",0
"COL9A3",8
"UNC13D",0
"TGFB2",8
"CDC45",0
"COMT",0
"ADA2",1
"HDAC6",1.59184889471489
"CDC6",4
"AAAS",3
"MSH2",6
"MAP3K1",3
"DHPS",0
"ARCN1",0
"TMEM38B",0
"NUP188",4
"CRAT",0
"NANS",0
"WHRN",0
"PDE6C",3
"CWF19L1",0
"IKZF5",0
"BLNK",3
"MYO3A",1
"WAC",0
"TREM2",2
"FKBP5",2
"EFHC1",0
"ITPR3",8
"DSP",4
"IFT74",1
"JAK2",8
"IL12RB1",4
"ABL1",8
"RAB18",0
"STX1B",4
"HSD3B7",0
"SETD1A",6
"ATP5F1D",0
"IGFALS",5
"NDUFB7",0
"TECR",1
"MTAP",1
"POLRMT",0
"HCN2",3
"ARVCF",4
"SERPIND1",0
"SNAP29",1
"CRKL",8
"LZTR1",0
"SMARCB1",8
"UPB1",0
"MAPK1",8
"GGT1",5
"PRODH",1
"CRYBB3",4
"ESS2",0
"CARD10",7
"SLC25A1",0
"HIRA",0
"HPS4",0
"TRIOBP",1
"CRYBB1",3
"SOX10",8
"CCDC134",0
"DEPDC5",0
"SLC5A1",1
"CYP2D6",2
"TCF20",0
"HSCB",0
"CBY1",1
"FBXO7",1
"TIMP3",5
"SBF1",0
"CYB5R3",1
"DNAL4",1
"AP1B1",3
"TOM1",0
"NEFH",0
"CHKB",0
"HMOX1",5
"MCM5",3
"ARSA",0
"PDGFB",8
"APOL4",0
"APOL1",1
"MYH9",8
"TXN2",0
"TNRC6B",0
"IFT27",0
"NCF4",4
"CSF2RB",4
"KCTD17",0
"IL2RB",4
"EP300",8
"ACO2",1
"POLR3H",2
"TRMU",1
"MLC1",2
"COCH",3
"AP4S1",0
"SOS2",8
"NIN",0
"PYGL",2
"DDHD1",0
"PIGH",0
"KIAA0586",1
"SPTLC2",0
"SLC10A1",1
"DICER1",7
"MTHFD1",3
"ZC3H14",0
"TELO2",0
"VRK1",2
"PSMC1",2
"YY1",8
"TRIP11",0
"SRP54",4
"CHD8",2
"PCK2",7
"NFKBIA",8
"SEC23A",1
"GSS",0
"MMP9",8
"VSX1",1
"ABHD12",0
"GINS1",0
"CD40",8
"IFT52",0
"HNF4A",8
"RAB5IF",0
"STK4",2
"SALL4",8
"ADNP",0
"DNAJC5",2
"PRPF6",8
"TUBB1",8
"SLC17A9",0
"AVP",6
"CHRNA4",0
"EEF1A2",4
"NDUFAF5",0
"CSNK2A1",8
"SLC52A3",0
"RSPO4",0
"PROKR2",2
"MYLK2",1
"SEC23B",0
"FERMT1",1
"PDYN",2
"PLCB4",8
"MYL9",7
"POFUT1",5
"SAMHD1",0
"KIF3B",6
"NOP56",4
"IDH3B",1
"JAG1",8
"SNTA1",4
"CHMP4B",4
"CST3",3
"AHCY",2
"PIGU",0
"LPIN2",0
"SMCHD1",0
"SMAD7",8
"LAMA1",1
"RNF125",1
"MIB1",5
"RBBP8",3
"STS",1.59184889471489
"TBL1X",1.59184889471489
"GPR143",1.59184889471489
"POLA1",1.59184889471489
"MID1",1.59184889471489
"NKAP",1.59184889471489
"ALG13",1.59184889471489
"TLR8",1.59184889471489
"AMMECR1",1.59184889471489
"CHRDL1",1.59184889471489
"GLRA2",1.59184889471489
"XIAP",1.59184889471489
"STAG2",1.59184889471489
"ATP11C",1.59184889471489
"F9",1.59184889471489
"ABCD1",1.59184889471489
"CCDC22",1.59184889471489
"CACNA1F",1.59184889471489
"SYP",1.59184889471489
"NAA10",1.59184889471489
"ELF4",1.59184889471489
"FMR1",1.59184889471489
"SLC35A2",1.59184889471489
"PQBP1",1.59184889471489
"RS1",1.59184889471489
"EMD",1.59184889471489
"PGK1",1.59184889471489
"GATA1",1.59184889471489
"MAGT1",1.59184889471489
"SMS",1.59184889471489
"PHEX",1.59184889471489
"RP2",1.59184889471489
"CD40LG",1.59184889471489
"FGD1",1.59184889471489
"PORCN",1.59184889471489
"MAGED2",1.59184889471489
"SRPX2",1.59184889471489
"GLA",1.59184889471489
"NALCN",1
"FGF14",8
"HTR2A",7
"ACP5",3
"DNAJC3",0
"FGF9",8
"SGCG",3
"SLC25A15",0
"KPNA3",3
"FLT1",8
"CLN5",1
"HSF4",6
"CORO1A",1
"PHKB",1
"NUP93",6
"CENPT",2
"ARL2BP",0
"ZNF423",3
"DHODH",3
"CTCF",8
"ACD",2
"USB1",0
"VAC14",1
"COG4",0
"SLC7A6OS",0
"FA2H",1
"AXIN1",8
"NPRL3",2
"MLYCD",1
"TSC2",8
"ABCC1",1
"LMF1",0
"FOXF1",4
"CLCN7",1
"FBXO31",0
"STUB1",8
"ZP2",1
"MEFV",1
"CRYM",0
"CAPN15",0
"PIEZO1",1
"EARS2",1
"SALL1",8
"RBL2",2
"XYLT1",1
"RPGRIP1L",0
"BCKDK",0
"KAT8",2
"IL21R",1
"VPS35L",0
"SLC6A2",1
"AAGAB",1
"HERC1",2
"TRIP4",4
"MTFMT",7
"AP3B2",1
"CTSH",0
"FAH",1
"HOMER2",0
"CEP152",2
"OCA2",0
"TGM5",1
"DMXL2",0
"SPG11",2
"BLOC1S6",0
"PDGFRL",1
"CSPP1",0
"RP1",1
"CA2",2
"EYA1",8
"NBN",3
"TRPA1",2
"POP1",1
"IKBKB",8
"JPH1",1
"GDAP1",1
"ESRP1",1
"NDRG1",2
"IL7",2
"TRPS1",3
"SPAG1",4
"SLC39A14",0
"GSR",2
"TUSC3",0
"ARHGEF10",0
"MCM4",3
"ASAH1",0
"MAN2B1",0
"KCNN4",2
"GYS1",5
"LHB",1
"TUBB4A",8
"SARS2",2
"RELB",4
"ARHGEF18",4
"ERCC2",8
"RNASEH2A",1
"AMH",8
"TRMT1",3
"RETN",2
"DMPK",0
"TLE6",6
"NOVA2",1
"MED25",5
"TNNT1",8
"CASP14",0
"AURKC",4
"TIMM50",0
"DYRK1B",5
"GPI",1
"AKT2",8
"PLD3",0
"PRX",0
"FZR1",6
"TGFB1",8
"MYH14",8
"CD79A",7
"RPS19",5
"ETFB",0
"TYK2",8
"ATP1A3",3
"MEGF8",0
"GRIN2D",1
"CARD8",1
"LIG1",0
"BCAT2",1
"PPP2R1A",8
"TNPO2",1
"GCDH",1
"KLF1",4
"DNASE2",2
"MAST1",0
"PRPF31",6
"JAK3",7
"SLC5A5",0
"COMP",6
"TMEM147",0
"MAG",5
"HAMP",3
"SCN1B",1
"ERF",0
"SIPA1L3",1
"ETHE1",0
"SMG9",3
"CFAP69",0
"CDK6",8
"PMPCB",0
"PIK3CG",8
"PON3",0
"PON2",0
"DNAH11",7
"DLX5",8
"GSDME",0
"ATP6V0A4",0
"TTC26",0
"OGDH",1
"CAV1",8
"MET",8
"LMBR1",1
"HOXA1",1
"DNAJB6",3
"HOXA2",5
"LFNG",8
"BRAT1",0
"IQCE",0
"TSPAN12",1
"SSBP1",1
"HOXA13",2
"GRB10",8
"FKBP14",0
"STX1A",6
"GHRHR",2
"CHCHD2",1
"HSPB1",8
"CYP3A5",0
"TAF6",3
"AIMP2",0
"TFR2",1
"PAX4",4
"PPP1R17",1
"RBM28",3
"IMPDH1",2
"SERPINE1",8
"AP1S1",0
"PLOD3",5
"NOBOX",1
"TMEM106B",1
"EZH2",7
"CEP41",0
"SFRP4",5
"POU6F2",1
"AHR",6
"GLI3",8
"BLVRA",0
"PRKAG2",6
"AEBP1",1
"GCK",8
"BCL7B",0
"TBL2",0
"CLIP2",1
"EIF4H",0
"LIMK1",3
"SLC1A1",1
"FKTN",0
"TGFBR1",8
"C5",2
"ASPN",8
"DNM1",6
"ENG",8
"AK1",4
"RIC1",1
"DOCK8",0
"KANK1",1
"KCNT1",0
"TYRP1",2
"MPDZ",2
"LHX3",8
"GLIS3",0
"SETX",2
"ABCA2",0
"EXOSC3",0
"DVL1",8
"GATA3",8
"HPS1",0
"PHYH",1
"DNMBP",1
"ERLIN1",0
"CUBN",3
"CDH23",0
"MICU1",0
"BMPR1A",8
"MINPP1",1
"ACTA2",8
"LIPA",4
"TWNK",0
"FBXW4",1
"FGF8",8
"PITX3",6
"GBF1",0
"SUFU",3
"ANKRD26",1
"ACBD5",0
"MTPAP",0
"PITRM1",3
"STN1",1
"MAP3K8",6
"DKK1",8
"EBF3",5
"SMC3",3
"SHOC2",6
"TFAM",0
"ZMIZ1",2
"DNAJC12",0
"LGI1",1
"UBTF",5
"RGS9",5
"RNF43",0
"WNT3",8
"ASPA",1
"RAD51C",3
"TRIM37",0
"GOSR2",2
"PNPO",1
"PIGL",0
"GALK1",4
"MED13",3
"ENO3",6
"PFN1",2
"SLC25A11",0
"CHRNE",0
"RAI1",0
"NUP88",4
"C1QBP",0
"SLC6A4",5
"CCDC47",0
"SMARCD2",3
"B9D1",0
"CCL2",6
"PEX12",0
"NAGLU",0
"MLX",0
"CNTNAP1",1
"DLX4",3
"COL1A1",8
"SGCA",1
"EFTUD2",8
"PRKAR1A",8
"FAM20A",0
"YWHAE",8
"DPH1",1
"MYH3",8
"PMP22",1
"FOXN1",8
"UNC119",2
"PHOX2B",4
"GNRHR",3
"CHIC2",0
"NFKB1",8
"MANBA",0
"MAPK10",8
"GAB1",8
"CPE",0
"WFS1",1
"FRG1",0
"CLCN3",1
"SEPSECS",0
"TRIM2",0
"SLC2A9",0
"FBXW7",8
"NSD2",6
"NKX3-2",8
"GLRB",1
"RAPGEF2",0
"UFSP2",0
"UGDH",3
"PPARGC1A",6
"CRYAB",4
"CTSC",3
"CCDC34",1
"ZBTB16",5
"ELP4",1
"ZPR1",1
"TECTA",2
"SC5D",0
"UNC93B1",0
"PUS3",1
"DCPS",1
"KMT5B",1
"FOXRED1",1
"CPT1A",3
"CCND1",8
"FOLR1",0
"PANX1",2
"APOA5",1
"APOC3",2
"CEP164",2
"CEP126",0
"IL10RA",1
"UBE4A",0
"DDX6",3
"CBL",8
"NECTIN1",3
"PDHX",1
"SLC1A2",3
"MADD",1
"SLC22A18",1
"CD81",0
"SOX6",3
"AIP",3
"NDUFS8",1
"TCIRG1",0
"CHKA",1
"EXPH5",0
"HPS5",0
"POU2AF1",1
"VWF",8
"PPFIBP1",0
"COQ5",0
"DAO",0
"SLC11A2",2
"MVK",1
"CYP27B1",0
"MYF6",8
"MYF5",8
"KRT18",2
"GLI1",8
"TRPV4",3
"MYL2",7
"CUX2",2
"SH2B3",2
"KCNA1",4
"ALDH2",0
"CDKN1B",8
"SCNN1A",2
"MGP",2
"EIF2B1",2
"VDR",8
"IFNG",8
"NUP107",5
"CNOT2",1
"TIMELESS",0
"CHD4",6
"GNB3",4
"TPI1",2
"GNPTAB",0
"ATN1",4
"SLCO1B3",0
"GYS2",4
"AICDA",1
"PHC1",2
"COX6A1",0
"COL12A1",8
"TDP2",2
"DSE",2
"RSPH4A",0
"MAK",0
"GCNT2",1
"CEP85L",0
"MCM9",0
"RIPOR2",0
"SASH1",0
"FANCE",1
"TULP1",2
"SLC26A8",0
"RHAG",0
"IL17F",0
"PHACTR1",0
"BACH2",3
"CAP2",1
"RAB23",2
"FBXL4",0
"PRDM13",0
"SIM1",1
"BVES",0
"COL9A1",8
"MED23",5
"WASF1",2
"ALDH5A1",0
"GMNN",2
"EYA4",6
"SOBP",0
"PEX7",0
"ZBTB24",0
"FIG4",1
"PERP",2
"ADGRG6",0
"EPM2A",1
"SLC39A7",0
"CCR6",3
"PDE10A",5
"SMOC2",0
"TBP",8
"GUCA1B",0
"PRPH2",2
"PPP2R5D",8
"EXOC2",0
"IMPG1",0
"LAMA4",1
"TENT5A",0
"CLIC5",2
"TBX18",1
"HARS2",0
"SEMA5A",0
"C7",0
"GHR",6
"NME5",1
"KIF20A",1
"NNT",1
"HSPA9",5
"LOX",6
"SPARC",8
"PDE8B",4
"GRM6",3
"ITK",6
"THG1L",0
"ARSB",1
"IL12B",5
"MSH3",2
"GABRG2",0
"LMNB1",6
"NPR3",3
"PDE4D",7
"PRLR",3
"RAD50",5
"PCDH12",0
"NUP155",4
"PPP2CA",8
"NR3C1",8
"LIFR",2
"C9",0
"TXNDC15",0
"ERGIC1",0
"PDGFRB",8
"EHHADH",2
"TIMMDC1",0
"CRBN",1
"KNG1",8
"HRG",5
"BCL6",8
"HGD",0
"CLDN16",1
"ARL6",2
"NPHP3",1
"OGG1",1
"PCCB",0
"UBE3A",4
"BCHE",0
"PDCD10",1
"WNT5A",8
"COL7A1",8
"FGF12",8
"GNAT1",7
"GNAI2",8
"TFG",3
"USP9Y",1.59184889471489
"HYAL1",0
"NPRL2",1
"FXR1",2
"IFT57",1
"GNB4",8
"GBE1",0
"UMPS",8
"PLXNA1",1
"ATP6V1A",1
"MRPL3",5
"MAPKAPK3",0
"ACVR2B",8
"WDR48",1
"KLHL24",0
"PLCH1",1
"DNAH1",7
"TNNC1",8
"CLCN2",3
"FOXP1",4
"EIF4G1",4
"SLC4A3",2
"DGUOK",1
"LMAN2L",0
"PIKFYVE",5
"ZAP70",8
"STEAP3",0
"POMC",8
"OTOF",2
"GPD2",2
"ACVR1",8
"MPV17",0
"EIF2B4",0
"ITGB6",8
"REEP6",0
"APC2",3
"IFIH1",2
"MOGS",1
"NDUFS7",0
"SPTBN1",8
"HTRA2",5
"LOXL3",0
"GALNT3",0
"CCDC88A",1
"EFEMP1",2
"FANCL",1
"FN1",8
"STAT1",8
"GLS",4
"ELMOD3",0
"GGCX",0
"SF3B1",8
"ST3GAL5",0
"ZNF142",0
"FHL2",8
"MLPH",0
"ABCB6",0
"SLC5A7",0
"TPO",2
"PROC",4
"ODC1",4
"DCAF17",1
"RAB3GAP1",3
"SLC25A12",1
"LCT",2
"SLC1A4",1
"SOS1",8
"KYNU",0
"WIPF1",1
"ORC4",2
"TIA1",1
"KISS1R",3
"EPAS1",8
"SUMO1",8
"ATP6V1B1",0
"NFE2L2",5
"MSH6",2
"SPR",0
"EPHA4",8
"FARSB",0
"ALMS1",3
"PRRX1",5
"DHCR24",0
"TNR",3
"SCP2",0
"PAPPA2",0
"CEP104",0
"NPHS2",0
"CHD5",0
"PARK7",5
"AMPD2",3
"MECR",1
"EDEM3",0
"ASH1L",7
"ARHGEF2",2
"LAMTOR2",0
"DOCK7",0
"MAD2L2",0
"DNAJC6",4
"LEPR",3
"IVNS1ABP",1
"MFN2",2
"PRG4",3
"NCF2",2
"SLC35D1",1
"PLA2G4A",6
"WLS",2
"RPE65",0
"AMPD1",4
"CTH",0
"TNNI3K",1
"CFHR3",0
"WARS2",0
"GNPAT",0
"TBCE",2
"MTR",0
"KCNQ4",2
"AKT3",8
"ACADM",1
"SDHB",2
"KDM5B",8
"ECE1",4
"HMGCL",0
"GALE",3
"CR2",0
"CD46",1
"PRPF3",7
"P3H1",4
"SLC2A1",5
"MPL",5
"PTCH2",8
"PRDX1",4
"SLC19A2",0
"ABCD3",0
"DPH5",1
"FASLG",3
"TNFSF4",1
"DARS2",0
"HSD11B1",0
"IRF6",3
"SERPINC1",1
"SLC35A3",0
"NEK2",3
"DHDDS",0
"ARID1A",6
"CENPF",4
"MESD",3
"MUC5B",0
"CTSD",0
"COLEC11",0
"STAG1",4
"STK11",8
"KMT2A",0
"TREH",3
"APOA1",7
"KPTN",0
"KIF14",0
"TNNT2",8
"DDX59",1
"ATF6",6
"CRYGD",2
"FASTKD2",0
"CREB1",8
"TTR",4
"ELOVL4",0
"PLAGL1",5
"TNFAIP3",3
"ARG1",2
"PMFBP1",0
"RXYLT1",1
"ARMC2",0
"CASQ2",2
"PKD2",7
"SPP1",8
"RAB3GAP2",1
"WDR35",0
"CCND2",8
"NDUFB3",0
"SATB2",3
"TRPM6",3
"TJP2",3
"CPSF3",6
"SET",4
"GLE1",1
"TRIM32",2
"NDUFA8",0
"NR4A3",2
"INVS",3
"ALG2",0
"CSF3R",2
"KDSR",2
"VSX2",5
"NEK9",4
"IFT43",0
"NPC2",0
"DNAL1",0
"IRF2BPL",1
"LTBP2",0
"MLH3",1
"TTLL5",0
"FLVCR2",1
"ABCD4",0
"DLST",0
"TGFB3",8
"ALDH6A1",0
"GPR68",2
"ESRRB",5
"EIF2B2",1
"COQ6",0
"DNMT3A",4
"BCL11A",3
"CRIPT",1
"EPCAM",1
"SLC17A5",2
"MXI1",1
"HELLS",4
"TCTN3",0
"WDR11",1
"CFAP58",0
"CPN1",0
"KANSL1",1
"HOXB1",7
"MSX2",8
"TEK",8
"GRIA2",3
"MRPS14",5
"GORAB",0
"ACAT2",0
"KCNJ5",5
"TEX11",1.59184889471489
"ARR3",1.59184889471489
"SLC10A7",0
"TNFSF11",7
"UFM1",1
"SMAD9",8
"ALG5",0
"EXOSC8",1
"TGFBI",7
"SIL1",0
"MYOT",4
"KDM3B",1
"PLS1",4
"TMPO",3
"TNFRSF10B",5
"CHRNA2",0
"EPHX2",1
"RNF170",0
"UBIAD1",1
"TARDBP",6
"SPOP",4
"TBX2",8
"TBX4",8
"TEX14",0
"NCAPH",2
"LRAT",0
"PYROXD1",0
"KCNJ8",2
"LHX4",4
"RNF2",2
"CSTA",1
"GJA8",2
"MAPK8IP1",5
"PEX16",0
"CAT",8
"ZMYM2",2
"GJB6",0
"GJA3",2
"POLR3GL",0
"GHSR",2
"PIK3CA",8
"LIAS",5
"HPCA",1
"LRIF1",0
"CLCC1",0
"GPSM2",3
"CXCR4",8
"FLT3",8
"RPL21",6
"XPNPEP2",1.59184889471489
"SASH3",1.59184889471489
"OCRL",1.59184889471489
"MRPS2",5
"TBX22",1.59184889471489
"PLG",8
"COPA",1
"CD244",1
"SERAC1",0
"ANXA11",0
"LDB3",4
"RPL5",8
"ZNF644",0
"BBS9",0
"PMS2",1
"KLHL7",2
"HNRNPA2B1",8
"NT5C3A",2
"MRM2",1
"TWIST1",8
"DNAI1",2
"KIAA1549",0
"AKR1D1",0
"SFTPA1",0
"NEUROG3",8
"PLAU",3
"CHST3",2
"BICC1",1
"EGR2",8
"CIT",2
"IFT81",0
"ACADS",0
"MED13L",3
"CDKN2C",3
"ITPR2",8
"GIPC1",5
"ATP7B",0
"OPTN",2
"TSFM",1
"NCKAP1L",2
"MMP19",3
"HOXC13",2
"LRP1",6
"SARDH",0
"DBH",0
"STIL",1
"COL10A1",8
"NDUFAF4",0
"USP45",1
"PLP1",1.59184889471489
"TTC21B",0
"KCNJ2",5
"EXOSC9",0
"B9D2",2
"COQ8B",0
"AGO2",4
"OBSL1",0
"SLC12A5",3
"PIGT",0
"VAPB",2
"ATP5F1E",1
"ARFGEF2",3
"ZNFX1",0
"EDN3",6
"PTGIS",0
"STX16",2
"PCK1",8
"MTRR",0
"PEPD",0
"CHST8",0
"IQSEC2",1.59184889471489
"VAMP7",1.59184889471489
"STAMBP",0
"MCEE",0
"POF1B",1.59184889471489
"NDP",1.59184889471489
"USP9X",1.59184889471489
"F13A1",3
"SERPINB6",2
"PEX6",1
"NQO2",0
"AARS2",2
"RPS10",4
"MOCS1",1
"GNMT",0
"DNAH8",8
"CDKN1A",8
"SOX4",4
"RREB1",4
"ATXN1",2
"RUNX2",8
"GCM2",8
"MYRF",1
"WNT1",8
"CNOT1",0
"BBS2",0
"GOT2",1
"SLC10A2",0
"IRF1",5
"UPF3B",1.59184889471489
"NDUFA1",1.59184889471489
"BMP4",8
"PTGER2",2
"SOX9",8
"MYH2",8
"MRPS7",6
"NUP85",5
"SLC25A19",1
"MSTO1",0
"MBOAT7",0
"IL1B",8
"IL37",3
"PAX8",8
"POLR1B",4
"CLPP",1
"GRIA3",1.59184889471489
"THOC2",1.59184889471489
"CD70",1
"C3",2
"OPA3",0
"RTN2",1
"PANK2",0
"TGM3",2
"FOXA2",8
"GZF1",0
"PAX1",5
"NAPB",1
"RBCK1",2
"SNRPB",8
"BMP2",8
"FLRT3",0
"OVOL2",0
"MKKS",5
"BFSP1",0
"MGME1",0
"TBC1D20",0
"ITPA",2
"MCM8",3
"HNRNPR",7
"MAX",8
"GDF5",8
"CEP250",2
"KDM5C",1.59184889471489
"UROD",1
"ST3GAL3",0
"TMEM53",0
"XRCC3",1
"F10",3
"SLURP1",0
"UBA2",1
"COX6B1",0
"THRA",6
"IRF3",8
"RRAS",8
"PRR12",0
"FLRT1",0
"ASL",0
"SBDS",1
"WNK4",1
"PRKCG",8
"GLIS2",2
"NSRP1",0
"AHDC1",0
"EMG1",0
"SSX1",1.59184889471489
"CFP",1.59184889471489
"SIX1",8
"TRMT5",0
"NUP214",5
"AVPR2",1.59184889471489
"MAP2K2",8
"TIMM8A",1.59184889471489
"ZC4H2",1.59184889471489
"PPCS",1
"BCL11B",8
"MASP1",0
"IDUA",0
"FGFRL1",1
"EMC1",0
"ADGRE2",0
"SIN3B",7
"EPS15L1",4
"GFER",0
"MACF1",0
"SMARCA4",8
"KDM4B",0
"TICAM1",4
"TUBA4A",8
"PNKD",1
"RNF6",0
"ECHS1",0
"AKAP9",3
"SEM1",0
"PTPN12",1
"POR",0
"GNAI1",8
"PEX1",0
"SGCE",1
"SRD5A3",0
"SPINK2",0
"PAICS",0
"KDR",8
"TUBGCP6",2
"DGCR8",1
"ADORA2A",5
"A4GALT",0
"IGLL1",0
"APOL2",0
"RAC2",8
"KRT17",1
"POT1",2
"PODXL",0
"FOXP2",3
"FLNC",5
"SMO",8
"IRF5",3
"FEZF1",2
"OPN1SW",0
"MTX2",0
"PDE11A",5
"CHN1",3
"GAD1",7
"HOXD10",2
"HOXD13",3
"HERC2",0
"SNRPN",8
"PSMG2",0
"EIF2AK4",4
"TTBK2",1
"CCDC32",0
"DLL4",8
"ALDH1A2",8
"IVD",1
"KNSTRN",0
"DUT",5
"CLN6",1
"VPS13C",0
"LOXL1",2
"MBD4",0
"COPB1",1
"PALLD",1
"MYOD1",8
"KCNC1",3
"CSRP3",1
"AIPL1",0
"KIF1C",2
"MPDU1",0
"NRL",3
"QRICH2",0
"FOXJ1",2
"RHBDF2",0
"FGF13",1.59184889471489
"TTI2",0
"CDKN1C",8
"SGO1",3
"CDH15",2
"DOHH",1
"TNNI3",8
"GAMT",0
"ERMARD",0
"KCNA5",5
"DOCK6",1
"LDLR",1
"PRKCSH",2
"APOE",7
"TOMM40",1
"DPP6",1
"KIF1A",3
"GTPBP3",0
"PLVAP",1
"COLGALT1",1
"RTN4IP1",0
"QRSL1",1
"RSPH3",0
"ACTN4",8
"NDUFA10",0
"EPO",8
"ARPC1B",1
"ZSWIM6",0
"FCHO1",3
"UNC13A",0
"SCO2",0
"PXDN",1
"TRPM4",4
"SAG",3
"TNNT3",6
"TNNI2",7
"COL5A1",8
"ATXN10",1
"TUBGCP2",3
"MNX1",8
"GATA5",8
"LAMA5",1
"OSBPL2",1
"ASS1",3
"PRDM12",0
"EXOSC2",0
"POMT1",2
"TRIM28",3
"EIF2S3",1.59184889471489
"CCDC62",1
"ANGPTL6",0
"DNMT1",5
"SLC6A8",1.59184889471489
"DKC1",1.59184889471489
"UBE4B",3
"CASZ1",5
"HSD17B3",0
"FBP2",1
"UBA1",1.59184889471489
"SYNE1",3
"COX4I2",0
"ZNF341",0
"EDA2R",1.59184889471489
"ARHGEF9",1.59184889471489
"GFAP",5
"ATP6V1E1",0
"ZNF141",0
"COX4I1",1
"CHMP1A",1
"COX7B",1.59184889471489
"SLC34A1",0
"F12",2
"PPT1",3
"RLIM",1.59184889471489
"ABCB7",1.59184889471489
"TRAF3",6
"MRPS25",0
"SLC6A6",0
"KCNC3",2
"PDLIM4",1
"TUBG1",8
"RPL27",5
"PSMC3IP",1
"NDUFA2",0
"DIAPH1",3
"ANO1",1
"THOC6",2
"TRAF7",1
"NPHP4",1
"MAP1B",4
"TOP2A",8
"RARA",8
"PEX11B",0
"FSHB",5
"PDHA1",1.59184889471489
"MCCC2",0
"CHSY1",1
"NR0B2",4
"THAP1",3
"GCH1",3
"CC2D1A",0
"MATN3",2
"DHX30",0
"RAF1",8
"PPARG",8
"PTCD3",0
"PER2",0
"INPP5K",2
"RPA1",6
"SERPINF1",2
"POPDC3",0
"DDC",2
"ENAM",3
"ANKRD17",1
"ITGB4",8
"WBP2",2
"EIF5A",2
"KDM6B",6
"SLC52A1",0
"GUCY2D",5
"DLG4",8
"VPS13B",0
"REEP2",1
"ERAL1",0
"PRMT7",1
"VPS4A",2
"SNAP25",3
"PCNA",8
"POLR3F",2
"RIN2",0
"DCAF8",2
"IGHMBP2",0
"MMACHC",0
"DPH2",1
"TOE1",0
"MUTYH",0
"CTNNBL1",1
"DMGDH",1
"AP3B1",1
"ANGPTL3",1
"DCTN4",1
"PDE6A",6
"ATP8A2",0
"POMP",0
"CDK8",8
"ALOX5AP",1
"CHRM3",4
"MYH8",8
"SCO1",0
"CHI3L1",0
"DSTYK",1
"SLC41A1",0
"COG6",0
"SPART",1
"RFXAP",0
"KL",1
"TBC1D8B",1.59184889471489
"EPHB2",5
"PDE6B",7
"MYH11",8
"MORC2",0
"LARGE1",1
"MYO18B",5
"ATP13A3",2
"KRAS",8
"IPO8",3
"SPINK5",1
"IMPA1",1
"AMPD3",2
"SBF2",0
"RRAS2",8
"HSD17B4",3
"TEX15",1
"DPF2",2
"MEN1",8
"GSC",4
"COX16",0
"VHL",6
"MEIS2",6
"TRPM1",3
"GNAT2",8
"TSHB",2
"GSTM3",0
"HMGCS2",1
"PTPN22",2
"WNT2B",8
"NOTCH2",8
"NGF",8
"AP4B1",1
"KIDINS220",0
"MYCN",5
"LPIN1",1
"LDHA",6
"ANO3",1
"IL6ST",2
"CDC73",6
"CRB1",0
"CFHR5",0
"RPS15A",8
"IL2RA",6
"KCTD1",2
"DOCK2",1
"SOX5",3
"SLCO1B1",0
"LRP4",1
"MYBPC3",6
"DDB2",2
"SOX3",1.59184889471489
"MTNR1B",4
"PUM1",0
"DSC2",2
"DSG3",2
"ELP2",0
"DSG1",2
"DSC3",0
"DTNA",3
"FHOD3",0
"TMEM165",1
"PDGFRA",8
"COL4A2",8
"CLDN10",0
"DZIP1",1
"UBAC2",0
"ERCC5",1
"TPP2",0
"CARS2",1
"STT3A",0
"APC",8
"WDR36",5
"AGTPBP1",0
"PSAT1",0
"ISCA1",0
"HAVCR2",1
"HNF1A",8
"TBX3",8
"CD36",6
"PNPLA8",1
"RINT1",0
"MDFIC",0
"MTO1",0
"SNX14",0
"NT5E",4
"MRAP2",0
"LCA5",1
"MAP3K7",8
"PHF21A",0
"PRPH",0
"AVIL",2
"AMHR2",7
"GDF11",8
"ITGA7",8
"RDH5",0
"KRT85",0
"CDK4",8
"B4GALNT1",1
"HNRNPA1",8
"MIP",3
"CD164",0
"AHI1",0
"HEY2",8
"MICAL1",0
"REPS1",0
"STX11",2
"DYSF",0
"GNS",0
"MDM2",8
"BCO1",0
"AGT",8
"EGLN1",0
"COG2",0
"GLUL",2
"RNASEL",3
"PIGC",0
"SP110",0
"MRPL44",0
"CHRND",0
"PAX3",8
"SLC19A3",0
"DNAJB2",0
"WNT10A",8
"CYP27A1",1
"ARMC9",0
"TSGA10",1
"TMEM127",2
"EDAR",0
"ISCU",0
"SCYL2",1
"WASHC4",1
"FLNB",5
"RNASEH2B",0
"THSD1",0
"SUCLA2",1
"RCBTB1",0
"ITM2B",6
"SPRY2",8
"NUDT15",0
"EDNRB",7
"GPNMB",0
"RAC1",8
"KDELR2",0
"IL6",8
"CCM2",1
"TTC5",1
"NKX2-1",8
"ZFHX2",4
"MTHFS",0
"IREB2",0
"ALPK3",0
"CIB2",0
"TACO1",0
"BRIP1",1
"SCN2A",4
"TBR1",6
"BLK",6
"GATA4",8
"VPS45",0
"IL10",8
"IL1RN",1
"IL36RN",1
"CFC1",1
"SMPD4",0
"CCDC115",0
"BIN1",2
"HS6ST1",3
"GYPC",0
"YME1L1",4
"LRRC8A",5
"TOR1A",4
"STXBP1",5
"CDK5RAP2",2
"TLR4",8
"ALDOB",1
"PRPF4",8
"BAAT",0
"KIF12",0
"DPM2",0
"GABBR2",3
"NR5A1",8
"XPA",3
"RPL35",6
"LMX1B",8
"MYC",8
"PLAA",2
"IL11RA",0
"APTX",1
"DMRT1",6
"GRHPR",0
"CNPY3",0
"PPIL1",1
"TFAP2A",4
"IRF4",5
"TUBB2A",8
"RIPK1",7
"TUBB2B",8
"UQCC2",0
"HMGA1",5
"TPMT",0
"VARS2",0
"TAF8",0
"TLR2",8
"TTC29",0
"MYO7A",2
"IL18BP",0
"NUMA1",6
"LRRC32",6
"NARS2",0
"TTPA",1
"NEK1",1
"SORL1",2
"TRPC6",7
"MMP20",4
"CFAP300",0
"YAP1",8
"SLC37A4",0
"BTG4",0
"RDX",5
"PPP2R1B",8
"FXYD2",1
"ALKBH8",0
"SQOR",0
"MAPKBP1",0
"NDUFAF1",0
"KIF23",2
"KNL1",2
"TUBGCP4",4
"SMAD6",8
"ADAM10",8
"STRA6",1
"CYP19A1",4
"BRDT",3
"ARHGAP29",1
"DBT",0
"IFT172",1
"SELENOI",0
"HADHB",1
"KHK",1
"ADCY3",8
"PPM1B",8
"PNPT1",3
"DYNC2LI1",2
"LHCGR",2
"CYP1B1",0
"SLC5A6",0
"ABCG5",0
"PREPL",0
"SLC3A1",0
"EMILIN1",1
"FBXO11",0
"SIX3",8
"LRPPRC",1
"CYP2C9",3
"MYOF",2
"LBX1",6
"ATAD1",0
"KIF11",6
"ARL3",2
"CEP55",0
"ENTPD1",3
"PLCE1",2
"RBP4",0
"DBR1",0
"DNAJC13",0
"FAM149B1",0
"ASCC1",1
"ZNF365",0
"RPS24",6
"DNA2",1
"MYPN",0
"ATIC",4
"SMARCAL1",1
"BARD1",2
"STAT4",4
"MSTN",8
"METTL5",0
"HECW2",0
"IDH1",3
"CHRNA1",0
"SLC40A1",0
"MNS1",0
"USP8",5
"SPPL2A",1
"HCN4",8
"SEMA7A",1
"ARHGAP24",0
"FAM13A",1
"PRKG2",8
"SEC31A",0
"FGF5",8
"IL21",0
"BBS7",0
"BMPR1B",8
"PRDM5",0
"TRPC3",8
"FRAS1",2
"SCARB2",0
"PPA2",1
"CENPE",6
"HADH",0
"EGF",8
"PPP3CA",8
"SLC39A8",0
"MTTP",4
"FBN2",3
"MAPK8IP3",2
"PDE6H",1
"ETV6",6
"KIF21A",1
"YARS2",0
"FGD4",1
"PLCZ1",2
"PRICKLE1",4
"NDUFA9",1
"VAMP1",1
"CD27",2
"PEX5",0
"COL2A1",8
"TPH2",1
"PTPRQ",0
"DUSP6",3
"POC1B",0
"TMTC3",3
"SYCP3",2
"ASCL1",8
"MMAB",1
"PDX1",6
"SUOX",0
"CCDC65",0
"SLC39A5",0
"DHH",8
"ACVRL1",8
"SMARCC2",8
"BRCA2",7
"LPAR6",4
"RB1",8
"SETD1B",3
"VPS33A",0
"DIAPH3",0
"RDH12",0
"ESR2",8
"AK7",2
"SLC24A4",0
"FBLN5",3
"NIPA2",0
"SLC12A6",1
"TCF12",8
"SORD",0
"DUOXA2",0
"DUOX2",1
"HDC",2
"CDAN1",2
"PSTPIP1",1
"ETFA",1
"SCAPER",0
"MAN2C1",0
"TPM1",8
"IGF1R",8
"CYP11A1",1
"BBS4",4
"PML",8
"ADAMTS17",0
"LINS1",0
"POLG",0
"RLBP1",2
"FANCI",0
"UNC45A",4
"MCTP2",0
"EFL1",1
"PMM2",1
"SLC5A2",1
"ARMC5",0
"PARN",0
"FTO",2
"UQCRC2",1
"DHX38",7
"ZFHX3",6
"KATNB1",1
"ADAMTS18",0
"GCSH",0
"CDH11",2
"NOL3",0
"MBTPS1",1
"IRF8",6
"RPL3L",6
"NDUFB10",1
"GALNS",1
"GAS8",0
"MYOCD",8
"UNC45B",3
"VPS53",1
"ARSG",0
"G6PC3",0
"CLTC",8
"BCAS3",1
"PTRH2",0
"TAF4B",1
"AFG3L2",0
"GNAL",5
"ASXL3",3
"GATA6",8
"GREB1L",0
"NPC1",2
"SLC13A5",0
"ZMYND15",0
"WRAP53",2
"PIK3R5",8
"TP53",8
"CCDC40",0
"ARHGDIA",3
"TMC6",0
"CARD14",6
"EIF4A3",8
"CSNK1D",8
"TBCD",4
"ZNF750",0
"WDR45B",0
"DYM",1
"SMAD4",8
"TNFRSF11A",2
"ERBB2",8
"FKBP10",1
"TXNL4A",8
"CACNA1A",8
"BRD4",4
"SH3GL1",8
"DPP9",0
"COL6A1",8
"IFNAR1",3
"SOD1",6
"COL6A2",8
"SIK1",3
"SCYL1",0
"APP",8
"AKT1",8
"ADAMTS10",0
"SLC6A3",7
"NLRP12",0
"ACP4",0
"RERE",5
"MMEL1",0
"PRDM16",3
"CELA2A",0
"PADI3",0
"EPHA2",8
"PEX14",0
"RPL11",7
"KIAA0319L",0
"PLK4",6
"FCN3",0
"HSPG2",8
"BCL10",5
"PRKACB",8
"PIGK",0
"PTPRF",5
"IGSF3",0
"GPR161",0
"TBX19",8
"TMCO1",1
"ADCY10",8
"NECTIN4",0
"UFC1",0
"PPOX",1
"FCGR2A",3
"SDHC",8
"F13B",0
"PRCC",0
"PIGM",0
"CASQ1",2
"XPR1",0
"TOR1AIP1",1
"HMCN1",0
"PRUNE1",0
"RORC",6
"SF3B4",2
"ECM1",0
"ZNF687",0
"TARS2",0
"ADAMTSL4",0
"CTSK",3
"RFX5",3
"SELENBP1",0
"POGZ",0
"SYT14",0
"KCNH1",3
"TAF1A",2
"FLG2",0
"TPM3",8
"HAX1",3
"KCNN3",2
"GATAD2B",1
"RIT1",5
"PKLR",1
"FLG",2
"ACTA1",8
"GALNT2",0
"LYST",0
"DEGS1",0
"FBXO28",0
"ARF1",2
"PSEN2",8
"PYCR2",0
"LBR",1
"REN",5
"SYT2",0
"GALM",1
"CAMKMT",0
"ABCG8",0
"CALM2",8
"WDPCP",0
"ASXL2",6
"SNRNP200",7
"TPRKB",0
"EXOC6B",3
"NPHP1",7
"LIPT1",0
"CNGA3",2
"AFF3",0
"SCN1A",5
"LNPK",3
"CDCA7",1
"HSPD1",6
"UNC80",0
"ABCA12",0
"SUMF1",1
"ACKR3",0
"DIS3L2",0
"FANCD2",4
"GMPPA",0
"POMGNT2",0
"SLC25A38",1
"IQSEC1",1
"IL17RD",0
"SHQ1",0
"SLC25A26",0
"RABL3",0
"AGTR1",3
"MED12L",0
"SPATA16",0
"LPP",4
"RUBCN",0
"AMT",0
"CCDC39",0
"ILDR1",0
"EIF2B5",0
"AHSG",3
"FIP1L1",1
"SLC26A1",0
"CORIN",1
"SCD5",1
"TRMT10A",0
"SNCA",8
"TBCK",0
"CISD2",1
"ANK2",4
"SPATA5",3
"USP53",1
"CYP4V2",0
"NDUFS6",0
"OSMR",2
"PIK3R1",8
"RASA1",5
"PPIP5K2",0
"BDP1",0
"MEGF10",2
"ADAMTS19",0
"YIPF5",1
"ARHGAP26",0
"GABRB2",2
"FBXO38",0
"GLRA1",1
"NHP2",8
"KCNMB1",3
"TBC1D7",0
"FARS2",1
"KLHL3",4
"DCDC2",0
"PLA2G7",0
"DAAM2",1
"MLIP",0
"SCUBE3",1
"PHIP",0
"RARS2",1
"PNLDC1",0
"EGFR",8
"MDH2",1
"PSPH",1
"TLK2",0
"NCAPG2",0
"ASB10",0
"NLGN4X",1.59184889471489
"CLTRN",1.59184889471489
"SH3KBP1",1.59184889471489
"CASK",1.59184889471489
"KDM6A",1.59184889471489
"MSN",1.59184889471489
"HDAC8",1.59184889471489
"SLC16A2",1.59184889471489
"NDUFB11",1.59184889471489
"TAF1",1.59184889471489
"NONO",1.59184889471489
"EBP",1.59184889471489
"OGT",1.59184889471489
"IL2RG",1.59184889471489
"GCNA",1.59184889471489
"ZNF711",1.59184889471489
"DIAPH2",1.59184889471489
"PRPS1",1.59184889471489
"IGSF1",1.59184889471489
"GPC3",1.59184889471489
"RBMX",1.59184889471489
"MCPH1",3
"NSDHL",1.59184889471489
"RPL10",1.59184889471489
"CSGALNACT1",1
"ATP6V1B2",1
"GNRH1",3
"STAR",4
"PLPBP",0
"ERLIN2",1
"CRH",3
"MRPS28",1
"PMP2",1
"DPYS",1
"LRP12",0
"RSPO2",1
"NDUFB9",1
"SLC39A4",0
"VLDLR",2
"NFIB",3
"CDKN2B",8
"CDKN2A",8
"SIGMAR1",1
"CEP78",3
"NTRK2",8
"AUH",0
"ZNF462",0
"GSN",8
"CRB2",6
"ALAD",0
"SURF1",0
"CIZ1",2
"LRSAM1",5
"INPP5E",2
"NOTCH1",8
"CACNA1B",8
"PDSS1",0
"ZEB1",8
"CDHR1",0
"RGR",0
"POLR3A",5
"LRMDA",7
"CAMK2G",8
"GLUD1",1
"ANKRD1",3
"ADD3",2
"HABP2",2
"VAX1",2
"TCF7L2",8
"CYP17A1",4
"NKX6-2",4
"CNNM2",1
"PGAP2",0
"SERPING1",3
"PTPRJ",4
"HIKESHI",0
"TENM4",2
"SERPINH1",6
"CAPN5",0
"PAK1",8
"TTC12",0
"DRD2",8
"ATM",8
"ST14",1
"HYOU1",2
"TKFC",1
"TMEM138",0
"ROM1",2
"ZP1",0
"MS4A2",4
"B3GAT3",3
"MPZL2",1
"SCN2B",2
"JPH2",1
"FERMT3",1
"PLCB3",8
"VPS51",0
"TBX6",8
"ALDOA",5
"HMGA2",7
"CNKSR2",1.59184889471489
"PCDH15",0
"TMEM218",0
"HNMT",0
"VEGFC",8
"CCT5",7
"DLAT",0
"PTS",2
"FREM2",1
"FOXO1",8
"SEC24D",1
"DHX37",2
"ITPR1",8
"CACNA2D4",3
"CACNA1C",8
"THRB",7
"NGLY1",0
"UBE3B",2
"ANK3",4
"MAT1A",1
"EXT2",3
"NUBPL",0
"VIPAS39",0
"FRMD4A",0
"PTPRO",1
"EPS8",1
"ACAD8",0
"NCAPD3",1
"QDPR",3
"DRD3",4
"MMAA",1
"EDNRA",4
"NR3C2",1
"AKR1C2",0
"PIGF",0
"ADAM17",8
"FLI1",3
"KCNJ1",3
"SLC25A4",1
"NBAS",1
"GUF1",0
"GABRA2",2
"SACS",0
"CENPJ",3
"GFRA1",6
"DST",1
"BAG3",3
"AP1S3",1
"PTPN14",4
"HSPB8",3
"POU4F1",7
"CYSLTR2",2
"GRID2",0
"SETBP1",4
"EPG5",0
"ATP5F1A",6
"XRCC4",2
"DCLRE1C",0
"CCDC50",0
"TRIM36",0
"PFKM",3
"GRIA4",2
"SPEF2",0
"DMP1",3
"NADK2",0
"GPD1L",1
"GJA1",8
"CCNO",3
"SAR1B",1
"SLC16A12",0
"PRDM8",0
"HNRNPDL",0
"GRM1",7
"GGPS1",0
"MARVELD2",0
"PLOD2",5
"ZIC1",8
"CWC27",0
"ANAPC1",1
"CAST",1
"BMP6",8
"HNRNPU",8
"RANBP2",8
"MERTK",4
"NR4A2",8
"SCN3A",2
"CD96",0
"ING1",4
"CD8A",8
"RPIA",4
"KCNJ16",0
"TRIP12",3
"LGI4",0
"CHD1",1
"DGKE",1
"HS2ST1",2
"CACNA2D1",3
"NUS1",0
"SEMA3D",0
"GRAP",4
"DNAAF1",0
"JPH3",2
"ANKH",0
"OTULIN",0
"ROBO4",0
"ROBO3",2
"RETREG1",0
"ANGPT1",8
"CERS3",4
"LRRK1",8
"CEP112",0
"ABCA5",0
"UCHL1",4
"MIA3",0
"DISP1",5
"TNIK",2
"WNT3A",8
"PPP1R3A",2
"BUB3",4
"MMP21",2
"ATP5MC3",0
"TMPRSS15",0
"PDE1C",2
"JAM2",0
"TSEN2",0
"WNT7A",8
"XPC",2
"CCDC174",0
"FLCN",1
"APCDD1",0
"PIEZO2",0
"CYP2U1",0
"AK9",0
"OTUD6B",0
"CDK19",5
"ZFYVE27",3
"SLC16A1",0
"HEATR3",0
"SLC7A7",0
"GRIA1",2
"NUP205",3
"TTN",8
"OTOA",0
"C2CD6",0
"TMEM237",0
"SPAG17",1
"FMN2",1
"SLC26A2",3
"LSM11",2
"RASA2",0
"RMND1",0
"RAB39B",1.59184889471489
"CLIC2",1.59184889471489
"AFF2",1.59184889471489
"GRIP1",4
"VPS37A",1
"KIF5A",8
"CFAP70",0
"GNA14",7
"GNAQ",8
"ADK",3
"KCNMA1",8
"ADAMTS3",3
"ALX3",0
"NDUFAF6",0
"DRAM2",0
"TSPAN7",1.59184889471489
"TIAM1",5
"RPGR",1.59184889471489
"TDRD9",0
"GDF6",8
"UQCRB",1
"PTDSS1",0
"PPP2R2B",6
"FBXO43",1
"HKDC1",1
"HK1",1
"PHF6",1.59184889471489
"CD109",0
"NODAL",6
"KAT6B",6
"AIFM1",1.59184889471489
"MS4A1",0
"NSMCE2",4
"PHKG2",7
"SASS6",0
"COX6A2",0
"ZIC3",1.59184889471489
"BUB1B",4
"PDE6D",1
"BRPF1",2
"GHRL",1
"ATP2B2",5
"SLC6A1",1
"KLHL40",1
"C8A",0
"SYN2",1.59184889471489
"CPT2",1
"MMP14",8
"GATAD1",0
"CACNA1D",8
"KIT",8
"HYDIN",1
"MYO1E",4
"APPL1",4
"DYRK1A",8
"KCNJ6",4
"CREB3L1",4
"BRAF",5
"SLC34A2",0
"ACAN",8
"WDR19",0
"DPYSL5",0
"DRC1",0
"RAB28",1
"PANK4",0
"PEX10",0
"SKI",7
"WIPI2",1
"LDLRAP1",2
"SLC30A2",1
"GRHL3",4
"HPD",0
"XDH",0
"CNNM4",0
"DZIP1L",0
"FANCC",1
"MRAS",3
"CUL4B",1.59184889471489
"SLC13A3",0
"GPRASP2",1.59184889471489
"AUTS2",1
"SHROOM4",1.59184889471489
"CATIP",0
"KCNB1",4
"NCF1",4
"TSR2",1.59184889471489
"ALAS2",1.59184889471489
"PPP1R15B",0
"PKD1L1",0
"EDA",1.59184889471489
"FGF17",8
"PINK1",5
"NDUFS2",0
"APOA2",3
"MPZ",2
"WNT9B",8
"EPB41",2
"ALG8",0
"CFAP298",0
"SYNJ1",4
"IFNAR2",3
"IFNGR2",2
"SON",1
"DONSON",0
"C1QC",0
"KCNE2",6
"RUNX1",8
"ACTC1",8
"CLDN14",0
"HLCS",1
"ATP13A2",5
"M1AP",0
"PSMB4",2
"C1R",0
"ALDH4A1",2
"TCHH",1
"UBR1",0
"RSPRY1",0
"ACE",5
"UROC1",0
"CTBP1",8
"AGRP",0
"CARMIL2",0
"NPR2",5
"GNE",1
"TNFRSF13C",1
"CALM3",6
"CCDC28B",0
"CPAMD8",0
"VMA21",1.59184889471489
"TMPRSS3",0
"RSPH1",0
"WDR4",0
"CBS",3
"CRYAA",5
"HSF2BP",0
"PDXK",0
"G6PD",1.59184889471489
"CSTB",0
"TRAPPC10",0
"AIRE",5
"ITGB2",2
"FTCD",1
"LSS",0
"MCM3AP",0
"PCNT",5
"ADAMTS13",3
"SPTBN4",2
"TAOK1",3
"MED27",3
"SIK3",1
"NEK8",3
"CD3G",5
"FLAD1",3
"VPS11",0
"ADAR",3
"IL6R",2
"CHRNB2",1
"ANO10",0
"FDPS",0
"LMNA",7
"NBEAL2",0
"PTH1R",6
"MYL3",7
"CYP3A4",1
"NACC1",0
"CYP11B1",1
"TONSL",0
"RECQL4",0
"FOXH1",8
"SQSTM1",5
"DVL3",8
"AP2M1",7
"PCYT1A",2
"NPHS1",8
"LRRC56",0
"PGAP3",0
"IKZF3",1
"FDXR",1
"ACOX1",2
"KLHL10",0
"HCRT",3
"NAGS",2
"EMC10",0
"AQP5",2
"RACGAP1",3
"LEMD2",3
"RPL26",6
"POLR3K",1
"CCDC78",0
"MEIOB",0
"HS3ST6",0
"CCNF",5
"TBC1D24",2
"CLPB",5
"LRP5",8
"TAL1",8
"COA7",0
"PARS2",0
"BSND",0
"SLC45A1",0
"SELENON",2
"JAK1",8
"CTRC",0
"PDPN",2
"SDC3",7
"ALPL",4
"WNT4",8
"IL23R",3
"NFIA",3
"MYSM1",3
"NEXN",2
"NTNG1",0
"HFM1",6
"GFI1",1
"KCNT2",0
"AGL",1
"CADM3",0
"NLRP3",0
"DDR2",3
"PEX19",1
"NCSTN",8
"VANGL2",5
"FCGR3B",1
"LMX1A",6
"FLVCR1",0
"PPP1R21",0
"PKDCC",1
"HAAO",0
"B3GALNT2",0
"WDR26",0
"REL",8
"PEX13",0
"DISC1",3
"NEUROD1",8
"FRZB",7
"ACTG2",8
"COQ8A",0
"EN1",8
"SGCB",1
"CFAP221",0
"BBS5",0
"SMARCAD1",2
"PDHA2",1
"MSX1",8
"SCNM1",0
"ERCC3",8
"BOLA3",0
"TGFA",5
"CRYGC",4
"GABRB1",2
"ANTXR2",3
"PMVK",0
"CLDN1",1
"COL6A3",8
"INAVA",0
"YY1AP1",0
"EOGT",1
"LMOD3",0
"NAXE",2
"POGLUT1",3
"ATP1A1",4
"PROK2",2
"LMOD1",4
"IGFBP7",0
"STK36",2
"NEK10",0
"CCDC141",0
"CRYBA2",0
"IHH",8
"EOMES",8
"TGFBR2",8
"STT3B",2
"NFASC",2
"SERPINI1",1
"SUCLG1",3
"NUAK2",0
"SPTA1",5
"SLC2A2",6
"CTLA4",4
"ICOS",1
"NEPRO",0
"WDFY3",1
"ALB",8
"ATXN7",3
"PPM1K",7
"CLRN1",0
"HESX1",1
"SLMAP",6
"DNASE1L3",0
"IL17RC",0
"CRELD1",2
"MTMR14",0
"GYG1",0
"HPS3",0
"ZNF513",1
"KIF15",1
"CLEC3B",1
"SLC6A20",0
"LZTFL1",0
"FYCO1",0
"CCR1",2
"ZNF148",2
"YEATS2",3
"SNIP1",5
"LIPH",0
"IFT122",0
"RHO",5
"BAP1",1
"TKT",1
"PRKCD",8
"RFT1",0
"PBRM1",4
"UVSSA",0
"LRPAP1",2
"SLC51A",0
"RNF168",0
"CLDN19",0
"AIMP1",2
"SGMS2",1
"ATRIP",0
"INTU",0
"MFSD8",1
"MST1R",7
"POC1A",0
"PITX2",8
"PRSS12",1
"HAND2",8
"ANXA5",4
"GUCY1A1",4
"HPGD",0
"NAA15",1
"ITGA2",8
"MOCS2",0
"SLC45A2",0
"NDUFAF2",1
"LMBRD2",0
"NIPBL",3
"ADGRV1",0
"SLC25A46",0
"AGGF1",0
"NDUFS4",0
"SCGB3A2",0
"SPINK1",1
"ARSK",0
"PRIMPOL",0
"ERAP1",0
"CARTPT",1
"TLR3",5
"KLKB1",0
"GFM2",1
"TERT",8
"GDF9",8
"UQCRQ",0
"GRIK2",2
"CITED2",5
"TBXT",8
"PDSS2",0
"IL31RA",0
"ANKRD55",0
"TBX20",4
"RPS14",6
"HCN1",3
"COG5",0
"RP9",1
"BMPER",5
"SHH",8
"COL1A2",8
"CTSB",1
"SOX17",6
"DLC1",4
"ADCY1",8
"PEX2",1
"RAD21",4
"SLC30A8",3
"TNFRSF11B",7
"SPIDR",0
"DNAAF5",0
"OXR1",1
"NOS3",8
"INTS1",1
"CDK5",8
"ALDH7A1",0
"FZD6",8
"CTHRC1",2
"SLC25A32",0
"INTS8",0
"FREM1",1
"PDP1",7
"TMEM67",0
"WASHC5",3
"MYORG",0
"NUDT2",1
"UBAP1",1
"SYK",8
"ABCA1",3
"PRKACG",8
"FXN",0
"CPA6",0
"TMC1",0
"HGSNAT",0
"HNRNPK",8
"TRPV6",4
"ANKS6",0
"FBP1",2
"CFAP47",1.59184889471489
"CYBB",1.59184889471489
"METTL27",0
"PTCHD1",1.59184889471489
"PCDH19",1.59184889471489
"PIGA",1.59184889471489
"GAPVD1",1
"ATP7A",1.59184889471489
"VCP",7
"PIGO",0
"BRWD3",1.59184889471489
"GPR101",1.59184889471489
"CLDN2",1.59184889471489
"WRN",3
"TSHR",5
"CFL2",6
"INPPL1",7
"PHOX2A",8
"MBL2",1
"GJB2",2
"HEPACAM",0
"RPL10L",5
"DNAAF2",1
"NEMF",1
"TTC8",0
"TMEM63C",0
"OTX2",8
"DACT1",1
"SOHLH1",0
"SLC18A2",3
"PDZD8",0
"NSD1",2
"PRDX3",3
"PMPCA",0
"FRMD7",1.59184889471489
"TSC1",6
"GFI1B",1
"HPRT1",1.59184889471489
"STOX1",0
"RET",8
"BMS1",3
"NSMF",1
"SALL2",0
"ISCA2",0
"OTOGL",0
"SLC39A13",0
"PSMC3",3
"RAPSN",0
"SERPINA12",0
"SLC6A5",0
"CACNB2",3
"HACD1",0
"KCNC2",3
"HTRA1",4
"LIPC",0
"CEP57",2
"SPRED1",2
"JAM3",0
"GPT2",3
"AMN",0
"NDUFB8",0
"ZFYVE19",1
"FBN1",8
"BTRC",8
"BAG5",2
"HPS6",0
"GABRB3",2
"SGPL1",1
"PCBD1",2
"CLMP",0
"SCN3B",1
"C2",1
"SMPD1",3
"TRIM44",0
"TPP1",1
"DCHS1",0
"CYB5A",0
"RAG1",3
"SERPINB7",2
"SERPINB8",2
"TUB",1
"LMO1",2
"IDH3A",1
"WDR72",0
"MCM7",7
"A2ML1",0
"BEAN1",1
"TK2",8
"SLC38A8",0
"CFAP52",1
"MC4R",3
"COG1",0
"B2M",4
"ZNF592",0
"AP1G1",1
"CATSPER2",3
"PPIB",2
"FAM111A",0
"KIF7",1
"LDHD",0
"PLIN1",2
"SCNN1G",3
"TERF2IP",3
"CLPX",2
"CACNG2",3
"TAC3",4
"NAB2",3
"STAT6",8
"STX3",4
"GREM1",8
"EPB42",1
"SMAD3",8
"MAPRE2",6
"TERB2",0
"MEI1",0
"SUN5",0
"COQ4",0
"SLC27A4",0
"COQ7",0
"TBC1D2B",0
"NOD2",2
"LOXHD1",0
"IGF2",8
"CD3D",5
"MYO5B",7
"STIM1",5
"PRRT2",1
"VKORC1",0
"CA4",1
"SMG8",3
"GPX4",0
"MVD",0
"CDT1",4
"TRAPPC2L",0
"ANKRD11",0
"RPL13",6
"KMT2D",3
"TUBA1A",8
"AQP2",5
"GPD1",0
"AXL",5
"ZNF526",0
"TRAPPC9",0
"NLRP7",0
"SPINT2",0
"YIF1B",0
"DNAAF3",0
"ATCAY",0
"EEF2",8
"SEMA6B",0
"NXN",0
"SERPINF2",3
"WDR81",0
"TRPV3",3
"KLK4",1
"KRT1",2
"ANGPTL4",5
"CD320",0
"NDUFV1",1
"HID1",1
"TMC8",0
"CYP7A1",3
"SOST",7
"ABCA3",0
"SDHAF2",2
"DDB1",7
"BEST1",1
"FTH1",2
"BSCL2",2
"C2CD3",0
"TTC21A",0
"RPSA",7
"CTNNB1",8
"FADD",5
"LTBP3",4
"SETD5",0
"RBPJ",8
"LMBRD1",0
"GLYCTK",0
"KCNV2",2
"IRF2BP2",0
"PTF1A",8
"FOXI1",0
"COA6",0
"KIF5C",7
"MGAT2",0
"MMADHC",1
"PDHB",0
"MPLKIP",1
"ACOX2",0
"SCN11A",1
"MFSD2A",0
"DTYMK",1
"TAP1",0
"RFWD3",0
"RHOH",4
"COG7",0
"CDC40",8
"SCNN1B",3
"HR",0
"TNXB",0
"LGI3",0
"SFTPC",1
"BMP1",6
"HJV",0
"MYL1",8
"TRAPPC11",1
"COL3A1",8
"SLC20A2",1
"STAT3",8
"ADAM9",2
"GDNF",8
"AXIN2",8
"VWA3B",0
"IL7R",2
"DNAJC21",0
"TET2",3
"TCTN2",0
"IL12A",3
"GFM1",1
"SFTPB",2
"MAT2A",1
"LETM1",0
"CEP120",0
"TM4SF20",0
"MFF",1
"CPLX1",3
"UQCRFS1",1
"COL4A3",8
"MAP2K1",8
"HNRNPH1",6
"IRS1",8
"MECP2",1.59184889471489
"ROR2",5
"AR",1.59184889471489
"CHST14",2
"CPT1C",0
"PCSK9",0
"MN1",1
"IL13",5
"RSPO1",4
"SH3TC2",0
"ADRB2",6
"HSPB3",5
"NR0B1",1.59184889471489
"IL1RAPL1",1.59184889471489
"P2RY12",2
"UMOD",0
"SLC33A1",2
"CRADD",0
"SIN3A",8
"ARL13B",0
"KCNK9",2
"SCN9A",3
"CCDC8",0
"ZEB2",3
"GJB1",1.59184889471489
"HINT1",0
"BNC1",1
"NFU1",0
"ANTXR1",1
"CKAP2L",0
"LUZP1",0
"DRD5",3
"BUB1",4
"AGPAT2",0
"ASPSCR1",1
"GP9",7
"CNBP",0
"DCXR",0
"RAC3",8
"NLGN1",0
"TAPT1",1
"UGP2",1
"LINGO1",5
"BTD",0
"TACR3",4
"ROBO1",3
"CTNND2",5
"WNT10B",8
"GUSB",0
"KLF13",3
"FRMPD4",1.59184889471489
"ZFPM2",7
"CHD3",4
"YWHAG",8
"SERPINA6",2
"NIPA1",4
"CHRNB1",1
"PDCD6IP",6
"MRAP",5
"FAM161A",0
"GLB1",1
"GON7",0
"CRTAP",1
"CNGB3",0
"UBB",8
"FOS",8
"EMX2",7
"SP7",8
"SEMA3E",0
"SDR9C7",0
"MGMT",4
"KRT86",0
"KRT6C",0
"KRT4",1
"KRT74",2
"KISS1",4
"KRT83",0
"ARL6IP1",2
"CDH2",8
"SIX2",8
"STAT2",4
"SLC26A5",0
"SGCD",2
"POLH",2
"LMOD2",0
"BFSP2",2
"FSHR",5
"CEL",0
"PPM1D",8
"TMEM43",1
"RNF139",1
"TSEN34",0
"TRH",4
"TANC2",0
"PKHD1",3
"CEACAM3",0
"HS6ST2",1.59184889471489
"ALK",8
"MTM1",1.59184889471489
"INSR",8
"NRTN",2
"JAGN1",0
"C1GALT1C1",1.59184889471489
"MUC7",0
"TMEM126A",0
"TMEM126B",0
"TRIM8",0
"GAA",1
"CANT1",1
"KCNK3",1
"CHST11",1
"EXOSC1",0
"CHD7",6
"ESCO2",5
"CLCN5",1.59184889471489
"KCND3",8
"KRT13",0
"KRT9",2
"MCC",0
"POLR1C",5
"ASXL1",3
"ETFDH",0
"NEUROD2",2
"ECEL1",0
"FGG",1
"FGA",3
"FGB",1
"DNAI2",1
"PIK3CD",8
"BPTF",2
"PLEKHG5",1
"ANO5",0
"GPHN",3
"CAMTA1",0
"PAH",0
"SPATA5L1",0
"GATM",0
"SYCE1",2
"BCL2",8
"CTPS1",1
"COL8A2",8
"TRAPPC12",0
"PTEN",8
"RPS7",6
"RNASEH1",1
"PRNP",6
"FRMD5",0
"ATPAF2",1
"CYP4F22",0
"JMJD1C",0
"RAB33B",3
"LAMB2",2
"KLF11",3
"SMN1",3
"EIF2AK3",3
"CYCS",2
"CCL11",5
"MALT1",5
"CLEC7A",0
"DPAGT1",0
"TP53RK",1
"BPGM",0
"ALG14",0
"GNB2",8
"CFAP53",0
"ARNT2",0
"MYOZ2",2
"CLP1",6
"RSPH9",0
"GTPBP2",0
"AGXT",3
"FIBP",0
"HCFC1",1.59184889471489
"NIPAL4",0
"PDE3A",4
"RASGRP1",3
"EFEMP2",1
"CYP7B1",0
"KRT2",2
"NADSYN1",0
"DHCR7",2
"NBEA",0
"RNASEH2C",0
"MYD88",8
"PHF8",1.59184889471489
"KAT5",8
"HPSE2",0
"RELA",8
"EVC2",0
"BNC2",0
"COQ2",0
"ADCY5",8
"VANGL1",5
"IQCB1",2
"C1QB",0
"C1QA",1
"NDNF",0
"DAG1",7
"DAB1",6
"ARV1",2
"NAA20",0
"SAA1",8
"MST1",1
"NABP1",0
"CHD2",1
"CEP83",0
"PC",3
"NMNAT1",1
"SLC19A1",0
"ADGRG2",1.59184889471489
"STAT5B",8
"CNP",0
"JUP",8
"RNF213",0
"CBX2",1
"SPTBN2",3
"RAX2",1
"TCAP",6
"NRROS",0
"CEP19",0
"KLHL15",1.59184889471489
"CTSF",0
"MSRB3",1
"LEMD3",4
"TRMT10C",0
"CTU2",0
"PIGG",0
"PRPF8",8
"ADCY6",8
"SLC6A19",0
"RALGAPA1",1
"LIG4",1
"TRHR",2
"ATP2A2",7
"CNTNAP2",3
"BBS1",0
"SLC26A9",0
"MYO1H",2
"KY",1
"SLCO2A1",0
"B4GAT1",0
"LEP",8
"SH3PXD2B",4
"LARP7",2
"RPL15",6
"HRAS",8
"SRP72",3
"ODAPH",0
"CEP135",2
"FZD4",8
"GLMN",1
"NDUFA11",0
"RSRC1",6
"CA5A",0
"KLC2",1
"ATR",7
"DSG4",1
"DES",8
"TRAF6",8
"MRPS22",1
"PACS1",1
"DDIT3",4
"PCCA",0
"NPPA",5
"ZNF408",0
"DOLK",0
"CATSPER1",3
"CST6",0
"PROP1",4
"BANF1",4
"CHRNA7",1
"PTPN2",2
"SMAD2",8
"EIF3F",4
"PCSK1",1
"LPL",6
"CLCF1",0
"PNLIP",0
"LIPT2",0
"KCNE3",2
"CABP4",5
"ALG10B",0
"UCP3",0
"UCP2",3
"ERCC4",3
"SUGCT",0
"TMEM70",0
"KDF1",0
"NR2F1",8
"TMEM270",0
"TSPEAR",0
"DOK7",0
"TUBB6",7
"B3GALT6",2
"TPRN",0
"FOXG1",8
"RTTN",0
"COX8A",1
"HSD11B2",1
"RIMS2",1
"VPS37D",0
"USF3",0
"LMNB2",2
"FOXC2",8
"BDNF",8
"ACSF3",0
"IRX5",2
"GRIN1",4
"SOX11",1
"TYMS",1
"ANKLE2",0
"SEC24C",0
"MTHFR",0
"DEAF1",0
"SIX5",4
"WDR73",1
"POLE",3
"SCN4B",3
"EPS8L2",1
"ANO6",1
"TALDO1",1
"RPS6KA3",1.59184889471489
"PUS1",0
"MAN1B1",0
"KCNA2",5
"TOP3A",2
"TIMM22",0
"HIC1",1
"SAMD9L",0
"TGIF1",5
"MIEF2",0
"CD19",5
"CAVIN1",2
"SLC25A22",1
"NHLH2",1
"TBL1XR1",8
"SAMD12",0
"PIDD1",5
"ACAD9",0
"IL17RA",1
"PNPLA2",0
"CD151",1
"FAM20C",0
"TMEM94",0
"FLII",1
"KCNJ10",2
"SVBP",0
"ARL6IP6",0
"RPS27",6
"DPY19L2",0
"ADAMTSL1",1
"IMPDH2",7
"NDUFAF3",0
"NDUFV2",0
"DALRD3",1
"SH2B1",4
"PLEC",4
"RNF212",1
"SLITRK1",3
"HTR1A",5
"GLDC",1
"COX14",0
"P4HTM",0
"AMBN",2
"SLC25A20",0
"CA8",1
"CD28",2
"ERBB4",8
"MAF",8
"GPR35",1
"SUZ12",3
"NSUN3",7
"THBD",0
"COX5A",3
"MPI",0
"OPLAH",0
"FOXE1",4
"CYBC1",0
"ZBTB7A",1
"TUFM",4
"CTC1",0
"TMEM107",0
"DPM3",0
"CYC1",0
"HES7",4
"FARSA",0
"CYP11B2",0
"ALOXE3",0
"EDC3",3
"FUCA1",0
"GGN",1
"CALR",5
"PTPN11",8
"HLA-DQB1",2
"GATA2",8
"PACS2",2
"VWA1",3
"GEMIN4",2
"MKRN3",1
"ZBTB18",0
"ALOX12B",0
"SLC17A8",1
"DNHD1",5
"CIITA",5
"ZBTB42",0
"LACC1",0
"ATOH7",8
"GIPC3",0
"NRXN1",1
"BBS10",3
"PUF60",0
"TSHZ1",0
"NKX2-6",3
"TH",8
"F2",8
"PRKRA",1
"PNPLA1",0
"ALX1",3
"FZD2",8
"PAK2",7
"MCFD2",0
"GAS1",3
"KCNE1",1
"NRIP1",3
"GSX2",1
"PRF1",1
"MAB21L1",1
"CXCR2",3
"GREM2",3
"SSR4",1.59184889471489
"D2HGDH",1
"FAM83H",1
"BBS12",0
"FKRP",0
"SLC25A42",0
"METTL23",0
"EHMT1",7
"NPM1",7
"DHTKD1",0
"POLR2A",8
"TMEM132E",0
"HEPHL1",0
"CFAP65",0
"SYNE4",0
"SOX2",8
"RNF135",1
"SGSH",0
"MAB21L2",1
"FANCB",1.59184889471489
"SETD2",4
"TMIE",0
"MRPS23",0
"TNFSF15",1
"GPR88",0
"PLAG1",1
"ZBTB20",0
"ACTL9",8
"SLC35C1",1
"IBA57",0
"SNRPE",6
"USH1G",0
"IDH2",2
"NOP10",2
"ERCC6L2",0
"TSEN54",0
"MRPS16",1
"CRYGB",0
"EXT1",2
"SHMT2",2
"ATP6AP2",1.59184889471489
"KCNA4",4
"AP1S2",1.59184889471489
"C1S",0
"CLN8",1
"CACNB4",3
"TRAPPC6B",0
"KCNK4",2
"EXOC7",0
"BGN",1.59184889471489
"GLRX5",0
"CAV3",8
"SATB1",5
"CSF1R",8
"TRAK1",1
"PLCB1",8
"NDN",2
"MAFA",4
"ALG12",0
"LCK",8
"COL18A1",8
"RBM10",1.59184889471489
"GLUD2",1.59184889471489
"RPL35A",6
"CEP63",3
"EWSR1",5
"PYCR1",0
"SPNS2",0
"SLC25A21",1
"ABAT",2
"SLC25A10",0
"NKX2-5",8
"NEB",5
"GPC6",8
"CHST6",0
"CTNNA3",6
"DDX41",8
"CCBE1",0
"REC114",0
"BCOR",1.59184889471489
"RIPK4",4
"LRIT3",5
"GRIN2A",4
"COA5",0
"ZNRF3",2
"TANGO2",0
"SFXN4",0
"DGCR6",2
"RP1L1",0
"NOG",8
"OPCML",2
"FIGLA",0
"TBK1",4
"KREMEN1",1
"TRAIP",0
"CHEK2",4
"FOXL2",7
"TUBA8",6
"KIRREL1",0
"SCN5A",8
"ARSI",0
"DNAH2",7
"SH2D1A",1.59184889471489
"COA3",0
"ACTG1",8
"DENND5A",0
"DIABLO",0
"VPS33B",1
"TBX1",0
"CNTN2",3
"LRTOMT",0
"KCNQ3",5
"IRAK1",1.59184889471489
"ALDH1A3",1
"TACSTD2",0
"SIX6",8
"PRKD1",4
"GDF3",3
"COLEC10",0
"PLA2G6",3
"COPB2",0
"TXNRD2",1
"PROS1",5
"NUTM1",1
"SLITRK6",0
"MED12",1.59184889471489
"AMER1",1.59184889471489
"ATL3",0
"NDUFA12",0
"SRY",1.59184889471489
"CLCNKB",3
"JAG2",8
"WT1",8
"USP18",2
"NDUFA6",0
"DGAT1",0
"RFX6",3
"ROBO2",2
"F8",1.59184889471489
"BRF1",1
"CIB1",2
"NELFA",0
"NSMCE3",2
"PURA",0
"MC2R",2
"RAB11B",4
"GP1BA",8
"KIAA0825",0
"SFTPA2",0
"SCN10A",3
"CDK10",0
"SOCS1",8
"TCN2",1
"ATP6V0A2",0
"PRKN",8
"RAD51D",3
"KRT6B",0
"STAC3",0
"ROR1",3
"MUC1",1
"IRF7",7
"BRCC3",1.59184889471489
"PDE6G",4
"PRKG1",8
"NR2F2",8
"DLK1",5
"P4HB",6
"PBX1",8
"ANKFY1",3
"KCNQ5",4
"SLC52A2",0
"PIGP",0
"IKZF1",3
"PCYT2",1
"NAT8L",1
"NPAP1",1
"BCAP31",1.59184889471489
"POMK",0
"KLHDC8B",1
"PTCH1",8
"RNPC3",3
"IRS2",5
"SHOX",1.59184889471489
"BICD2",2
"TMLHE",1.59184889471489
"GRK1",2
"TAL2",1
"KRT5",2
"CYP2R1",0
"PIP5K1C",8
"WWOX",7
"POLR1D",4
"EDARADD",3
"SLC51B",0
"GABRA5",4
"SLC36A2",0
"KRT10",3
"GLDN",0
"TRDN",2
"KRT3",2
"RPS23",7
"PCLO",0
"MYT1L",1
"TMEM222",0
"CLCNKA",1
"NF2",8
"HPDL",1
"PDE2A",5
"LYRM7",0
"BCR",8
"FSCN2",2
"FOXE3",8
"TNFRSF4",0
"KRT16",6
"KRT14",4
"PDZD7",0
"MAPT",8
"FGF3",8
"RHD",0
"ESPN",0
"TMPRSS6",2
"TMEM216",0
"TEAD1",2
"PLCD1",3
"MITF",8
"FOXD3",8
"RNF220",0
"DYNC2H1",8
"KRT12",0
"EPOR",8
"CIDEC",0
"DCC",2
"MAGI2",3
"CHP1",1
"KCNJ11",7
"COL4A1",8
"IFT140",0
"CYP26C1",0
"USP7",4
"NHLRC1",0
"TET3",0
"ISG15",2
"MYMK",0
"B3GLCT",0
"SPRY4",1
"AMTN",1
"SLC18A3",0
"THSD4",0
"DNAJB13",0
"GABRD",2
"NHEJ1",0
"FANCA",3
"SECISBP2",0
"SEMA4D",2
"LIN28B",1
"DNAH17",8
"FANCM",4
"CARD9",0
"P2RX2",0
"COL14A1",8
"UBQLN2",1.59184889471489
"RILPL1",0
"CLCN1",1
"MESP2",6
"EYS",2
"DAZ1",1.59184889471489
"COL4A5",1.59184889471489
"AGRN",4
"NHS",1.59184889471489
"OTOG",0
"PRKAR1B",8
"TUBB4B",8
"PLA2G2A",2
"SLC38A3",1.59184889471489
"FOCAD",0
"ZP3",2
"PDCD1",1
"CHM",1.59184889471489
"BLOC1S5",0
"CERKL",3
"SLC24A5",0
"COL25A1",8
"HBA2",1
"CLN3",1
"NANOS1",0
"DPYD",5
"RHCE",0
"UROS",0
"ZDHHC9",1.59184889471489
"FSIP2",0
"ADRB3",3
"SLX4",0
"ASTL",0
"LRRK2",8
"GJB3",1
"NYX",1.59184889471489
"ZNF292",0
"NDUFA4",0
"RELN",4
"FAM111B",0
"LITAF",3
"ARID2",1
"SP6",0
"MAOA",1.59184889471489
"TSPYL1",1
"RRP7A",1
"MMP23B",3
"GJB4",0
"SYCP2",2
"MYBPC1",6
"ZNF699",0
"TDRD7",0
"HLA-DRB1",7
"PLEKHG4",1
"FAT4",1
"ACADSB",0
"TMEM63A",0
"SEMA4A",2
"RYR1",8
"TUBB",6
"XPNPEP3",0
"GTF2IRD2",0
"GRM7",3
"ATP2A1",7
"GIMAP5",0
"NLGN3",1.59184889471489
"CD55",2
"NTNG2",0
"LONP1",1
"TRRAP",5
"PTPN1",5
"EPHB4",6
"PRTN3",3
"CRYBA4",5
"YRDC",0
"TRAPPC2",1.59184889471489
"FGF16",1.59184889471489
"SIAH1",3
"GDAP2",0
"ANAPC7",3
"TPK1",0
"SLC6A9",0
"MME",6
"CACNA1H",4
"HBG2",2
"LAMA2",1
"XRCC2",1
"MYO6",6
"MMP1",8
"ADH1B",0
"TCF4",8
"TRAPPC4",0
"SLC30A10",0
"TECPR2",0
"TLR7",1.59184889471489
"NF1",8
"HLA-DQA1",0
"COL27A1",8
"GM2A",0
"POU3F4",1.59184889471489
"CHRNG",0
"ADA",1
"NHLRC2",0
"SCN8A",4
"LAMB3",1
"FLNA",1.59184889471489
"SRGAP1",0
"LAGE3",1.59184889471489
"WDR45",1.59184889471489
"IGF2R",4
"DYNC1H1",8
"SLC6A17",0
"PGAP1",0
"SRC",8
"PSMD12",3
"SLC22A4",2
"SERPINA1",5
"KANK2",0
"GTF2E2",0
"RAD54B",1
"SYNGAP1",3
"FITM2",0
"BLM",2
"SVIL",4
"SLC22A5",0
"ADARB1",0
"HTT",8
"OGDHL",1
"COL13A1",8
"SLC2A10",0
"MYO5A",8
"ATG7",4
"ELANE",3
"PIGN",1
"COL4A6",1.59184889471489
"TOPORS",3
"ENPP1",2
"FAR1",0
"CPLANE1",1
"MFAP5",4
"MYH6",8
"DNAH10",7
"SPTAN1",5
"RPS26",5
"PSAP",1
"CFAP43",0
"LHFPL5",0
"CFD",3
"TAF13",1
"ATAD3A",0
"OCLN",6
"GPAA1",1
"ADAMTSL2",0
"ADH5",0
"SPG7",0
"PLCG2",7
"VPS13A",0
"IRAK4",5
"ZNF335",0
"PRIM1",0
"CD2AP",7
"HIBCH",0
"DDRGK1",0
"SZT2",0
"CACNA1E",5
"QRICH1",1
"CSF2RA",1.59184889471489
"SLC29A3",0
"CARD11",3
"HYLS1",0
"MYL4",6
"ASPH",2
"SPRED2",2
"GFPT1",0
"NTRK1",8
"TPM2",8
"ATL1",2
"CNGA1",1
"PLN",7
"CTNND1",8
"SLC34A3",0
"RD3",1
"LRBA",1
"AKR1C4",0
"MDM4",5
"RYR2",8
"KLHL9",1
"TAT",3
"CALM1",8
"PAPSS2",0
"SLC9A6",1.59184889471489
"FAN1",0
"ABCA4",3
"CEP290",2
"TOGARAM1",0
"DLL1",8
"SMOC1",1
"F5",5
"CDC42BPB",4
"EPS8L3",0
"MTOR",8
"LRIG2",5
"PNP",1
"PAX9",7
"GK",1.59184889471489
"CD247",6
"CHAMP1",0
"GJC2",2
"OPA1",1
"CES1",0
"CD3E",5
"RUSC2",0
"TSEN15",0
"L1CAM",1.59184889471489
"POU3F3",8
"KIAA0753",0
"NOS1AP",0
"APRT",3
"DMD",1.59184889471489
"NAGA",0
"RORB",2
"INF2",0
"COX20",0
"FCGR3A",1
"HSD3B2",0
"RBM20",3
"RIPPLY2",0
"GDI1",1.59184889471489
"SOX18",3
"KHDC3L",0
"LIPN",1
"MAFB",6
"TRAF3IP1",0
"GIGYF2",3
"DAXX",8
"BMPR2",8
"COL11A2",8
"COL5A2",7
"PSMB8",0
"TAP2",0
"HLA-DRA",0
"BTNL2",0
"PJVK",0
"SDHD",2
"SLC44A4",0
"NEU1",0
"MBD5",0
"MSH5",1
"MPIG6B",1
"ABHD16A",0
"CSNK2B",0
"NFKBIL1",0
"HLA-C",1
"CDSN",0
"DHX16",2
"HLA-G",0
"ZFP57",0
"MOG",1
"ATXN2",1
"DCTN1",8
"TCTN1",0
"KRT25",0
"GRXCR2",0
"PRSS1",0
"TMEM231",0
"TMEM240",0
"SDHAF1",0
"LGR4",6
"PSMB10",2
"ADGRG1",0
"CFI",0
"SAMD9",0
"KRT6A",1
"KRT81",0
"SMN2",2
"TECRL",1
"BHLHA9",0
"DAZ2",1.59184889471489
"DNAJC19",0
"IFITM5",0
"HBA1",2
"ATP10A",1
"HLA-A",2
"CFAP44",0
"TRIM71",0
"COLQ",0
"DIO1",0
"NUP62",3
"CFAP45",0
"CRYGS",3
"NRAS",8
"CHUK",8
"COG8",0
"LCAT",1
"ARL2",2
"SRA1",3
"TMX2",0
"NDUFS3",0
"PPP1CB",8
"LAT",6
"RPS29",6
"EMP2",0
"DNASE1",2
"IRF9",3
"GALT",0
"HBG1",1
"CLDN9",0
"NAXD",0
"WEE2",2
"LYRM4",0
"PRCD",0
"ALG3",0
"ANG",3
"BBIP1",0
"ZSWIM7",0
"PEX26",0
"GRXCR1",0
"DDX3X",1.59184889471489
"VPS16",1
"ZNF407",0
"HMX1",2
"GCGR",8
"FNIP1",1
"PAM16",0
"TENM3",1
"FANCG",2
"AP4M1",0
"HBD",2
"CERS1",3
"HLA-DPB1",1
"C4B",0
"NDUFAF8",0
"PLEKHM1",0
"ZNF469",2
"ERCC6",1
"NTF4",1
"DHFR",0
"PATL2",0
"PET100",0
"HLA-DPA1",0
"CYP21A2",0
"TAPBP",1
"TNF",8
"PET117",0
"GPX1",0
"TWIST2",8
"RPS28",4
"RBMY1A1",1.59184889471489
"KBTBD13",1
"MCIDAS",1
"JRK",1.59184889471489
"HLA-B",0
"APOC2",0
"SLFN14",0
"PRSS56",0
"IRGM",0
"KLHL41",1
"TNFSF12",0
"ADSL",2
"PSMB9",0
"TNFRSF13B",0
"TDGF1",4
"SSX2",1.59184889471489
"ARPC4",0
"PISD",0
"HOGA1",0
"PI4KA",3
"AMACR",0
"AP5Z1",1
"STRC",0
"KCTD7",1
"IL10RB",0
"CFB",1
"ACY1",0
"NFS1",0
"DDOST",5
"TMEM199",0
"P2RY11",0
"CFHR1",0
"SCARF2",3
"ASPRV1",0
"C4A",0
"HBB",2
"CRYBB2",4
"CEBPA",8
"MARS2",1
"INSL3",0
"ADH1C",0
"TERB1",0
"CHCHD10",0
"SHANK3",4
"ALG11",0
"PRKDC",8
"MAGEL2",3
"INS",8
"RTL1",0
"CYP2A6",0
"DNAAF4",3
"HMBS",0
"POLG2",0
"GATC",0
"CUX1",3
"RTEL1",0
"MC1R",3
"TUBB3",8
"TSPY1",1.59184889471489
"ITGB3",8
"GH1",2
"FRRS1L",0
"GAN",1
"MYMX",1.59184889471489
"STRADA",3
"S1PR2",3
"GTF2H5",0
"KMT2B",4
"GRIN2B",5
